"AddressID,CustomerID,Street,City,State,PostalCode,Country"
"2,130,Street 2,City79,State50,69912.0,Country39"
"3,624,Street 3,City91,State5,42998.0,Country2"
"4,799,Street 4,City91,State7,98413.0,Country69"
"6,357,Street 6,City40,State27,92171.0,Country67"
"7,471,Street 7,City61,State16,47514.0,Country91"
"8,582,Street 8,City33,State22,72382.0,Country53"
"9,441,Street 9,City50,State31,23724.0,Country41"
"10,671,Street 10,City77,State35,61899.0,Country58"
"11,565,Street 11,City100,State49,99965.0,Country78"
"12,335,Street 12,City29,State49,62081.0,Country66"
"13,387,Street 13,City49,State32,16320.0,Country84"
"14,403,Street 14,City46,State32,18543.0,Country30"
"16,650,Street 16,City79,State33,32093.0,Country40"
"17,442,Street 17,City23,State49,87041.0,Country29"
"18,981,Street 18,City59,State5,59610.0,Country69"
"19,657,Street 19,City23,Maadi,94951.0,Country94"
"20,377,Street 20,City84,State50,66813.0,Country3"
"21,325,Street 21,City63,State15,24936.0,Country29"
"22,607,Street 22,City22,Tagmoaa,88247.0,Country83"
"23,377,Street 23,City78,State25,88682.0,Country29"
"24,919,Street 24,City2,State27,53404.0,Country79"
"25,756,Street 25,City82,State30,48399.0,Country12"
"26,348,Street 26,City68,State32,13421.0,Country65"
"27,623,Street 27,City63,State41,79229.0,Country91"
"28,138,Street 28,City87,State36,19748.0,Country28"
"29,583,Street 29,City54,Zayed,50307.0,Country27"
"31,968,Street 31,City2,State3,19202.0,Country80"
"32,739,Street 32,City26,State5,91708.0,Country80"
"33,414,Street 33,City74,State39,93613.0,Country76"
"34,596,Street 34,City3,State13,13290.0,Country77"
"35,393,Street 35,City79,State45,65357.0,Country69"
"36,527,Street 36,City4,State9,15291.0,Country4"
"38,19,Street 38,City27,State3,13623.0,Country38"
"39,666,Street 39,City53,State16,21918.0,Country100"
"41,506,Street 41,City99,State4,31720.0,Country46"
"42,21,Street 42,City13,State29,45688.0,Country65"
"43,43,Street 43,City49,State7,62508.0,Country43"
"45,138,Street 45,City25,State4,76553.0,Country80"
"47,904,Street 47,City62,State18,25185.0,Country69"
"49,83,Street 49,City93,State1,57712.0,Country30"
"50,328,Street 50,City49,State39,32768.0,Country51"
"53,855,Street 53,City38,State14,90500.0,Country84"
"55,144,Street 55,City44,State39,73421.0,Country91"
"56,267,Street 56,City88,State30,72078.0,Country20"
"57,978,Street 57,City38,State26,35513.0,Country98"
"58,806,Street 58,City20,State25,70635.0,Country72"
"60,39,Street 60,City63,State25,24420.0,Country78"
"61,304,Street 61,City14,State2,65010.0,Country24"
"67,775,Street 67,City43,State8,55298.0,Country72"
"68,340,Street 68,City69,State31,59686.0,Country86"
"69,600,Street 69,City76,State15,10327.0,Country83"
"71,543,Street 71,City66,State25,80538.0,Country25"
"73,494,Street 73,City99,State35,19137.0,Country3"
"74,166,Street 74,City41,State46,69514.0,Country21"
"75,386,Street 75,City71,State20,95090.0,Country10"
"76,132,Street 76,City44,State42,45063.0,Country91"
"77,977,Street 77,City29,State47,87391.0,Country31"
"79,31,Street 79,City78,State6,19329.0,Country19"
"81,510,Street 81,City94,State16,59549.0,Country43"
"84,560,Street 84,City83,State32,25723.0,Country46"
"86,178,Street 86,City46,State28,48655.0,Country49"
"88,841,Street 88,City78,State36,82327.0,Country65"
"89,374,Street 89,City34,State39,95412.0,Country75"
"91,558,Street 91,City52,State33,17845.0,Country63"
"93,237,Street 93,City98,State13,84595.0,Country14"
"95,606,Street 95,City75,State1,62671.0,Country18"
"97,143,Street 97,City97,State36,25264.0,Country19"
"98,225,Street 98,City32,State11,26412.0,Country42"
"99,518,Street 99,City42,State30,58442.0,Country68"
"100,375,Street 100,City95,State32,80442.0,Country89"
"101,75,Street 101,City36,State2,59641.0,Country79"
"105,647,Street 105,City80,State23,91935.0,Country60"
"106,52,Street 106,City71,State43,47827.0,Country65"
"107,800,Street 107,City13,State12,36848.0,Country7"
"108,193,Street 108,City96,State20,35565.0,Country89"
"109,438,Street 109,City14,State1,56943.0,Country16"
"110,683,Street 110,City65,State5,84296.0,Country42"
"112,280,Street 112,City90,State4,62924.0,Country71"
"113,809,Street 113,City47,State10,37540.0,Country41"
"114,908,Street 114,City54,State29,41282.0,Country73"
"115,460,Street 115,City85,State23,56582.0,Country41"
"117,706,Street 117,City45,State47,49923.0,Country44"
"118,287,Street 118,City77,State43,61381.0,Country83"
"121,593,Street 121,City2,State9,93502.0,Country92"
"122,911,Street 122,City39,State48,98282.0,Country3"
"123,426,Street 123,City88,State21,23955.0,Country19"
"124,588,Street 124,City92,State20,13273.0,Country13"
"125,262,Street 125,City50,State13,46068.0,Country4"
"126,22,Street 126,City67,State8,63755.0,Country56"
"127,305,Street 127,City26,State36,54805.0,Country74"
"128,829,Street 128,City73,State24,41330.0,Country21"
"129,978,Street 129,City98,State22,42625.0,Country73"
"130,48,Street 130,City92,State50,75224.0,Country48"
"132,696,Street 132,City7,State28,23917.0,Country79"
"133,367,Street 133,City92,State4,43752.0,Country73"
"134,866,Street 134,City5,State41,84417.0,Country40"
"135,368,Street 135,City64,State22,42196.0,Country35"
"136,403,Street 136,City22,State36,35470.0,Country90"
"138,126,Street 138,City21,State47,15743.0,Country54"
"139,546,Street 139,City92,State37,67484.0,Country42"
"140,976,Street 140,City95,State33,90658.0,Country63"
"141,817,Street 141,City7,State12,74567.0,Country84"
"142,645,Street 142,City98,State28,26321.0,Country47"
"143,469,Street 143,City23,State29,40313.0,Country19"
"144,458,Street 144,City60,State9,22737.0,Country95"
"145,516,Street 145,City59,State47,49976.0,Country85"
"146,38,Street 146,City85,State40,43630.0,Country38"
"147,438,Street 147,City92,State27,22754.0,Country100"
"149,219,Street 149,City53,State3,54052.0,Country22"
"150,228,Street 150,City34,State14,59836.0,Country17"
"151,722,Street 151,City80,State9,21327.0,Country64"
"152,460,Street 152,City63,State5,93247.0,Country18"
"153,915,Street 153,City31,State39,47471.0,Country21"
"154,103,Street 154,City64,State46,98005.0,Country15"
"155,424,Street 155,City10,State25,43122.0,Country7"
"157,731,Street 157,City37,State17,18738.0,Country45"
"158,486,Street 158,City29,State39,29436.0,Country28"
"159,706,Street 159,City19,State43,52888.0,Country20"
"160,395,Street 160,City30,State5,82730.0,Country25"
"161,257,Street 161,City72,State34,82149.0,Country11"
"163,491,Street 163,City8,State1,62533.0,Country45"
"165,485,Street 165,City57,State7,37584.0,Country28"
"166,885,Street 166,City78,State26,14549.0,Country50"
"168,777,Street 168,City63,State47,76028.0,Country18"
"169,319,Street 169,City65,State50,17680.0,Country73"
"172,34,Street 172,City40,State1,67565.0,Country93"
"173,283,Street 173,City20,State48,81308.0,Country98"
"176,969,Street 176,City75,State29,40752.0,Country97"
"177,159,Street 177,City92,State14,72451.0,Country38"
"178,467,Street 178,City76,State24,95491.0,Country13"
"179,930,Street 179,City97,State14,25157.0,Country36"
"180,326,Street 180,City51,State10,44350.0,Country86"
"181,340,Street 181,City51,State48,48287.0,Country91"
"183,19,Street 183,City95,State32,66903.0,Country32"
"184,597,Street 184,City92,State43,38524.0,Country4"
"185,306,Street 185,City23,State50,38628.0,Country39"
"186,865,Street 186,City80,State41,88807.0,Country87"
"187,369,Street 187,City88,State16,38387.0,Country14"
"189,78,Street 189,City9,State27,80220.0,Country43"
"191,911,Street 191,City69,State9,41541.0,Country69"
"192,198,Street 192,City10,State49,52797.0,Country74"
"193,812,Street 193,City22,State5,57577.0,Country81"
"194,555,Street 194,City96,State48,48993.0,Country38"
"195,784,Street 195,City18,State28,81085.0,Country74"
"196,737,Street 196,City15,State13,39404.0,Country75"
"200,639,Street 200,City38,State40,58240.0,Country47"
"201,297,Street 201,City57,State43,27760.0,Country74"
"202,529,Street 202,City87,State44,30370.0,Country73"
"203,974,Street 203,City57,State43,64275.0,Country33"
"204,33,Street 204,City92,State11,87240.0,Country67"
"205,159,Street 205,City35,State24,42671.0,Country8"
"207,217,Street 207,City32,State18,97591.0,Country35"
"208,961,Street 208,City32,State5,45378.0,Country50"
"209,852,Street 209,City52,State43,53199.0,Country89"
"210,122,Street 210,City92,State24,65704.0,Country86"
"212,746,Street 212,City33,State9,63399.0,Country8"
"218,651,Street 218,City70,State19,86712.0,Country8"
"221,924,Street 221,City64,State22,81522.0,Country53"
"222,656,Street 222,City12,State34,46543.0,Country8"
"223,618,Street 223,City43,State3,65918.0,Country63"
"225,374,Street 225,City97,State38,87209.0,Country1"
"226,474,Street 226,City9,State7,74180.0,Country48"
"228,686,Street 228,City84,State21,32697.0,Country95"
"229,415,Street 229,City48,State43,25528.0,Country54"
"230,927,Street 230,City98,State18,35374.0,Country11"
"231,93,Street 231,City31,State3,87711.0,Country12"
"232,767,Street 232,City32,State32,37602.0,Country66"
"233,393,Street 233,City55,State48,17677.0,Country79"
"234,434,Street 234,City2,State14,41363.0,Country34"
"236,552,Street 236,City60,State49,34158.0,Country45"
"238,774,Street 238,City44,State31,31795.0,Country81"
"241,325,Street 241,City14,State5,70328.0,Country89"
"242,113,Street 242,City54,State20,22877.0,Country1"
"243,544,Street 243,City89,State26,34559.0,Country24"
"244,387,Street 244,City69,State3,76686.0,Country84"
"245,690,Street 245,City45,State30,51946.0,Country10"
"246,733,Street 246,City62,State43,17817.0,Country82"
"247,610,Street 247,City57,State41,78648.0,Country87"
"250,444,Street 250,City79,State31,37459.0,Country25"
"251,638,Street 251,City92,State7,16881.0,Country97"
"252,424,Street 252,City97,State49,98701.0,Country90"
"253,862,Street 253,City56,State21,63174.0,Country21"
"254,73,Street 254,City49,State23,70971.0,Country23"
"255,561,Street 255,City71,State41,73611.0,Country50"
"256,120,Street 256,City27,State11,88647.0,Country41"
"257,261,Street 257,City100,State27,72160.0,Country35"
"258,278,Street 258,City58,State40,19467.0,Country58"
"262,950,Street 262,City56,State4,29314.0,Country41"
"264,783,Street 264,City84,State15,89002.0,Country35"
"265,211,Street 265,City26,State32,16110.0,Country75"
"267,428,Street 267,City29,State49,84732.0,Country27"
"270,249,Street 270,City56,State31,30481.0,Country17"
"272,487,Street 272,City94,State7,77830.0,Country33"
"273,31,Street 273,City89,State29,87930.0,Country38"
"274,874,Street 274,City78,State42,32423.0,Country74"
"275,179,Street 275,City58,State26,85144.0,Country22"
"276,298,Street 276,City7,State36,88086.0,Country24"
"277,273,Street 277,City64,State14,16295.0,Country25"
"278,713,Street 278,City52,State38,37901.0,Country57"
"279,882,Street 279,City84,State21,22709.0,Country63"
"280,359,Street 280,City78,State3,37766.0,Country77"
"281,709,Street 281,City50,State49,24783.0,Country38"
"283,465,Street 283,City28,State24,33677.0,Country43"
"285,66,Street 285,City86,State34,81275.0,Country87"
"286,156,Street 286,City22,State10,42372.0,Country96"
"288,749,Street 288,City30,State29,30636.0,Country34"
"293,33,Street 293,City72,State1,24780.0,Country22"
"294,102,Street 294,City56,State12,32185.0,Country63"
"296,315,Street 296,City81,State46,82098.0,Country25"
"299,694,Street 299,City47,State45,56021.0,Country39"
"301,522,Street 301,City4,State7,26782.0,Country80"
"302,940,Street 302,City30,State45,74872.0,Country81"
"303,405,Street 303,City64,State16,25215.0,Country45"
"304,46,Street 304,City18,State38,76242.0,Country33"
"305,482,Street 305,City9,State39,39515.0,Country12"
"306,460,Street 306,City92,State30,64937.0,Country9"
"307,538,Street 307,City46,State41,82604.0,Country10"
"308,301,Street 308,City52,State11,59200.0,Country50"
"309,525,Street 309,City55,State36,44811.0,Country45"
"311,215,Street 311,City98,State47,14363.0,Country33"
"312,604,Street 312,City74,State24,76618.0,Country100"
"318,613,Street 318,City17,State42,98097.0,Country86"
"320,349,Street 320,City60,State25,75495.0,Country42"
"322,388,Street 322,City44,State48,35348.0,Country83"
"326,486,Street 326,City63,State48,20232.0,Country2"
"327,70,Street 327,City14,State21,98310.0,Country78"
"328,630,Street 328,City25,State40,32481.0,Country18"
"329,905,Street 329,City48,State45,21758.0,Country24"
"330,160,Street 330,City75,State17,72636.0,Country59"
"331,779,Street 331,City24,State15,66881.0,Country76"
"332,552,Street 332,City53,State24,83271.0,Country97"
"333,608,Street 333,City13,State31,28061.0,Country38"
"334,274,Street 334,City27,State41,66679.0,Country70"
"337,635,Street 337,City29,State34,66164.0,Country87"
"338,708,Street 338,City38,State47,92247.0,Country81"
"339,392,Street 339,City87,State50,39293.0,Country45"
"340,166,Street 340,City19,State11,84133.0,Country69"
"341,421,Street 341,City11,State31,41169.0,Country90"
"343,149,Street 343,City79,State30,64904.0,Country67"
"344,637,Street 344,City32,State30,45846.0,Country42"
"347,4,Street 347,City35,State50,27993.0,Country94"
"349,843,Street 349,City100,State41,57754.0,Country11"
"351,400,Street 351,City48,State7,61834.0,Country43"
"353,154,Street 353,City29,State28,95971.0,Country99"
"355,852,Street 355,City49,State20,83002.0,Country26"
"356,557,Street 356,City50,State33,95743.0,Country45"
"358,232,Street 358,City46,State5,20799.0,Country44"
"362,796,Street 362,City65,State24,74697.0,Country71"
"363,285,Street 363,City72,State33,80486.0,Country24"
"364,967,Street 364,City23,State50,32038.0,Country6"
"365,861,Street 365,City86,State27,54686.0,Country39"
"368,12,Street 368,City21,State2,12500.0,Country42"
"369,289,Street 369,City47,State7,53800.0,Country36"
"370,597,Street 370,City54,State39,98146.0,Country74"
"371,209,Street 371,City17,State16,88876.0,Country45"
"372,628,Street 372,City11,State2,56571.0,Country62"
"373,548,Street 373,City70,State39,68944.0,Country12"
"374,192,Street 374,City83,State15,10198.0,Country10"
"375,446,Street 375,City88,State45,16557.0,Country18"
"376,792,Street 376,City50,State7,42568.0,Country28"
"377,565,Street 377,City48,State29,34324.0,Country98"
"378,509,Street 378,City29,State29,40122.0,Country77"
"379,760,Street 379,City72,State25,83179.0,Country72"
"381,54,Street 381,City42,State4,29032.0,Country5"
"383,12,Street 383,City27,State8,88091.0,Country22"
"384,402,Street 384,City45,State4,57918.0,Country5"
"386,668,Street 386,City22,State25,99287.0,Country34"
"387,705,Street 387,City91,State48,39372.0,Country84"
"388,660,Street 388,City87,State35,64266.0,Country51"
"389,722,Street 389,City11,State25,29131.0,Country35"
"390,802,Street 390,City15,State21,94926.0,Country89"
"391,58,Street 391,City1,State12,44986.0,Country10"
"393,678,Street 393,City47,State27,31550.0,Country21"
"394,499,Street 394,City66,State16,11144.0,Country61"
"395,692,Street 395,City4,State5,84757.0,Country6"
"397,512,Street 397,City56,State34,65958.0,Country24"
"398,896,Street 398,City70,State18,60678.0,Country77"
"399,456,Street 399,City89,State3,38281.0,Country56"
"400,933,Street 400,City7,State33,69864.0,Country64"
"401,299,Street 401,City44,State34,17271.0,Country83"
"405,993,Street 405,City42,State6,33522.0,Country87"
"408,127,Street 408,City75,State27,90665.0,Country76"
"410,80,Street 410,City41,State1,97929.0,Country79"
"411,74,Street 411,City77,State44,76097.0,Country82"
"412,331,Street 412,City85,State26,65290.0,Country97"
"413,650,Street 413,City30,State22,21415.0,Country71"
"414,374,Street 414,City70,State49,20190.0,Country21"
"415,910,Street 415,City76,State33,81490.0,Country86"
"416,466,Street 416,City31,State35,22489.0,Country21"
"418,399,Street 418,City49,State6,24019.0,Country8"
"420,482,Street 420,City96,State38,51154.0,Country35"
"423,156,Street 423,City15,State49,90860.0,Country76"
"424,587,Street 424,City63,State44,19559.0,Country53"
"426,169,Street 426,City77,State46,43429.0,Country21"
"427,244,Street 427,City70,State10,23130.0,Country89"
"428,300,Street 428,City50,State15,96387.0,Country22"
"429,529,Street 429,City32,State34,16661.0,Country57"
"430,646,Street 430,City73,State3,63897.0,Country84"
"431,112,Street 431,City96,State16,25244.0,Country43"
"432,451,Street 432,City50,State2,21934.0,Country75"
"433,792,Street 433,City87,State2,61773.0,Country92"
"436,942,Street 436,City97,State43,54726.0,Country36"
"438,275,Street 438,City35,State18,92187.0,Country74"
"439,68,Street 439,City43,State21,66172.0,Country42"
"440,882,Street 440,City78,State1,29382.0,Country92"
"441,21,Street 441,City29,State48,82344.0,Country88"
"442,432,Street 442,City22,State49,97552.0,Country95"
"443,927,Street 443,City25,State48,38790.0,Country97"
"444,14,Street 444,City51,State48,13690.0,Country49"
"445,729,Street 445,City52,State26,96542.0,Country49"
"446,668,Street 446,City80,State25,79746.0,Country46"
"447,377,Street 447,City34,State32,59900.0,Country30"
"448,298,Street 448,City99,State11,63826.0,Country99"
"449,48,Street 449,City89,State4,70872.0,Country58"
"452,414,Street 452,City63,State23,72031.0,Country15"
"454,319,Street 454,City48,State13,40825.0,Country29"
"455,379,Street 455,City28,State8,11153.0,Country64"
"456,901,Street 456,City95,State19,36337.0,Country68"
"457,70,Street 457,City60,State39,37542.0,Country50"
"458,531,Street 458,City19,State11,89607.0,Country38"
"462,548,Street 462,City84,State29,27104.0,Country79"
"465,822,Street 465,City43,State41,54509.0,Country66"
"466,625,Street 466,City84,State21,21098.0,Country64"
"467,535,Street 467,City1,State41,68950.0,Country19"
"468,128,Street 468,City62,State43,63312.0,Country93"
"469,163,Street 469,City95,State37,61572.0,Country52"
"470,936,Street 470,City90,State14,62040.0,Country2"
"471,95,Street 471,City49,State25,43269.0,Country16"
"473,448,Street 473,City35,State26,99490.0,Country15"
"474,486,Street 474,City23,State29,92327.0,Country2"
"475,405,Street 475,City66,State5,51521.0,Country11"
"476,681,Street 476,City28,State33,87558.0,Country90"
"478,671,Street 478,City99,State17,60116.0,Country49"
"480,801,Street 480,City83,State28,76743.0,Country36"
"481,123,Street 481,City18,State8,20005.0,Country83"
"482,487,Street 482,City51,State8,33707.0,Country68"
"483,186,Street 483,City44,State11,46030.0,Country90"
"484,880,Street 484,City67,State49,32215.0,Country92"
"486,987,Street 486,City87,State14,62298.0,Country95"
"487,880,Street 487,City88,State28,99236.0,Country80"
"488,871,Street 488,City94,State19,92467.0,Country37"
"490,935,Street 490,City76,State27,67606.0,Country85"
"491,963,Street 491,City96,State48,10083.0,Country27"
"492,577,Street 492,City77,State3,42758.0,Country67"
"493,408,Street 493,City22,State40,65930.0,Country13"
"494,340,Street 494,City75,State18,62202.0,Country95"
"495,590,Street 495,City25,State46,34103.0,Country26"
"496,693,Street 496,City76,State34,80711.0,Country63"
"498,477,Street 498,City89,State8,87364.0,Country36"
"501,457,Street 501,City89,State15,49853.0,Country17"
"503,717,Street 503,City49,State4,37070.0,Country85"
"505,219,Street 505,City25,State37,11550.0,Country95"
"506,865,Street 506,City53,State9,24655.0,Country23"
"507,488,Street 507,City49,State37,75236.0,Country3"
"508,144,Street 508,City79,State1,32749.0,Country44"
"509,728,Street 509,City71,State7,78869.0,Country12"
"510,238,Street 510,City42,State48,89593.0,Country51"
"511,279,Street 511,City84,State35,38426.0,Country10"
"513,619,Street 513,City41,State41,83275.0,Country53"
"515,928,Street 515,City44,State3,45764.0,Country36"
"516,253,Street 516,City32,State28,65034.0,Country9"
"518,396,Street 518,City85,State15,96148.0,Country41"
"519,571,Street 519,City57,State48,61733.0,Country87"
"521,821,Street 521,City33,State13,54716.0,Country56"
"522,809,Street 522,City23,State15,24519.0,Country26"
"524,5,Street 524,City29,State29,41655.0,Country26"
"526,637,Street 526,City81,State15,64187.0,Country64"
"527,677,Street 527,City83,State16,78844.0,Country55"
"529,986,Street 529,City29,State49,35400.0,Country27"
"531,785,Street 531,City38,State26,93073.0,Country90"
"533,475,Street 533,City82,State49,91374.0,Country37"
"536,551,Street 536,City9,State28,27824.0,Country35"
"537,319,Street 537,City58,State29,24912.0,Country43"
"538,105,Street 538,City65,State42,50541.0,Country26"
"539,373,Street 539,City2,State34,17952.0,Country60"
"541,658,Street 541,City66,State34,76300.0,Country95"
"545,207,Street 545,City23,State34,48893.0,Country5"
"547,308,Street 547,City9,State2,37978.0,Country92"
"549,416,Street 549,City39,State36,49436.0,Country65"
"550,881,Street 550,City47,State37,51917.0,Country22"
"551,216,Street 551,City90,State12,13592.0,Country34"
"553,7,Street 553,City69,State8,95269.0,Country40"
"556,469,Street 556,City43,State22,80959.0,Country13"
"557,619,Street 557,City24,State43,65430.0,Country41"
"558,139,Street 558,City87,State43,83893.0,Country77"
"559,204,Street 559,City85,State45,77715.0,Country63"
"560,239,Street 560,City8,State29,21243.0,Country97"
"561,330,Street 561,City92,State44,97884.0,Country57"
"562,953,Street 562,City68,State43,57509.0,Country39"
"563,226,Street 563,City85,State41,46670.0,Country81"
"564,201,Street 564,City48,State1,64070.0,Country57"
"565,20,Street 565,City72,State30,41137.0,Country49"
"566,883,Street 566,City12,State7,17255.0,Country69"
"569,539,Street 569,City35,State24,55410.0,Country16"
"570,765,Street 570,City67,State49,53546.0,Country43"
"573,729,Street 573,City77,State7,86041.0,Country46"
"574,512,Street 574,City28,State19,68374.0,Country53"
"575,656,Street 575,City69,State38,44081.0,Country47"
"576,299,Street 576,City23,State35,86376.0,Country30"
"577,74,Street 577,City60,State13,63030.0,Country26"
"578,367,Street 578,City50,State48,26247.0,Country88"
"579,300,Street 579,City83,State21,58945.0,Country77"
"580,788,Street 580,City67,State40,99826.0,Country92"
"581,288,Street 581,City7,State42,66626.0,Country15"
"582,399,Street 582,City66,State20,82409.0,Country52"
"583,199,Street 583,City39,State31,52031.0,Country20"
"584,307,Street 584,City63,State35,53566.0,Country11"
"586,377,Street 586,City1,State27,25914.0,Country94"
"587,518,Street 587,City51,State16,34752.0,Country100"
"588,925,Street 588,City52,State14,57744.0,Country58"
"589,864,Street 589,City15,State32,41252.0,Country99"
"591,496,Street 591,City27,State47,33077.0,Country35"
"592,768,Street 592,City3,State34,29767.0,Country19"
"593,888,Street 593,City30,State7,81433.0,Country90"
"594,640,Street 594,City4,State7,11732.0,Country7"
"595,34,Street 595,City74,State10,60799.0,Country89"
"597,51,Street 597,City55,State3,75571.0,Country32"
"598,667,Street 598,City72,State11,11142.0,Country59"
"600,388,Street 600,City95,State20,76308.0,Country25"
"602,514,Street 602,City91,State42,90805.0,Country94"
"603,685,Street 603,City3,State11,34093.0,Country75"
"604,707,Street 604,City29,State38,37538.0,Country60"
"606,301,Street 606,City71,State32,30885.0,Country52"
"607,996,Street 607,City95,State4,57999.0,Country20"
"609,893,Street 609,City6,State22,16140.0,Country60"
"610,517,Street 610,City30,State37,51914.0,Country25"
"611,408,Street 611,City98,State4,30062.0,Country62"
"612,316,Street 612,City44,State8,17642.0,Country84"
"613,837,Street 613,City92,State13,99300.0,Country91"
"614,279,Street 614,City78,State40,50617.0,Country35"
"615,628,Street 615,City46,State30,68321.0,Country99"
"616,745,Street 616,City61,State35,63764.0,Country45"
"617,198,Street 617,City35,State22,27760.0,Country8"
"620,970,Street 620,City46,State24,67116.0,Country31"
"621,211,Street 621,City6,State2,75101.0,Country84"
"622,847,Street 622,City1,State2,53487.0,Country20"
"623,350,Street 623,City49,State39,69165.0,Country64"
"624,475,Street 624,City61,State15,10731.0,Country12"
"625,28,Street 625,City32,State28,94627.0,Country20"
"626,249,Street 626,City6,State9,65345.0,Country52"
"627,855,Street 627,City42,State32,83141.0,Country28"
"628,514,Street 628,City14,State29,39852.0,Country98"
"630,661,Street 630,City80,State12,48513.0,Country14"
"632,827,Street 632,City81,State2,59410.0,Country28"
"633,848,Street 633,City21,State23,81029.0,Country93"
"634,736,Street 634,City83,State16,17629.0,Country34"
"635,679,Street 635,City32,State24,39086.0,Country68"
"636,727,Street 636,City1,State38,95576.0,Country48"
"638,319,Street 638,City47,State42,60701.0,Country29"
"642,608,Street 642,City10,State37,53218.0,Country90"
"643,220,Street 643,City22,State6,68519.0,Country42"
"644,159,Street 644,City96,State38,52878.0,Country82"
"646,303,Street 646,City46,State19,21789.0,Country90"
"647,669,Street 647,City80,State10,67826.0,Country88"
"648,374,Street 648,City40,State8,28535.0,Country94"
"649,170,Street 649,City5,State34,88541.0,Country52"
"650,858,Street 650,City63,State20,87429.0,Country34"
"651,469,Street 651,City58,State28,56392.0,Country19"
"652,889,Street 652,City74,State28,10261.0,Country48"
"654,168,Street 654,City37,State38,99715.0,Country21"
"655,210,Street 655,City44,State14,45969.0,Country26"
"656,190,Street 656,City72,State27,34359.0,Country4"
"657,844,Street 657,City15,State31,34965.0,Country47"
"658,719,Street 658,City64,State48,92744.0,Country12"
"659,930,Street 659,City28,State40,36398.0,Country39"
"663,99,Street 663,City90,State42,78173.0,Country50"
"666,593,Street 666,City38,State42,35360.0,Country53"
"667,727,Street 667,City74,State2,88852.0,Country52"
"669,90,Street 669,City93,State16,44825.0,Country98"
"670,395,Street 670,City36,State45,81541.0,Country44"
"672,374,Street 672,City76,State31,51521.0,Country41"
"673,427,Street 673,City5,State8,29047.0,Country81"
"675,123,Street 675,City7,State23,68127.0,Country10"
"676,8,Street 676,City13,State6,49003.0,Country45"
"677,619,Street 677,City22,State41,99328.0,Country31"
"678,448,Street 678,City43,State37,61846.0,Country41"
"679,739,Street 679,City50,State45,61634.0,Country51"
"680,867,Street 680,City23,State17,46101.0,Country41"
"682,817,Street 682,City90,State17,49732.0,Country35"
"684,797,Street 684,City52,State7,51250.0,Country10"
"686,779,Street 686,City38,State46,10765.0,Country36"
"688,863,Street 688,City30,State37,76566.0,Country58"
"689,756,Street 689,City48,State42,53042.0,Country10"
"692,704,Street 692,City25,State32,31225.0,Country57"
"693,276,Street 693,City80,State27,12689.0,Country47"
"694,47,Street 694,City35,State44,16109.0,Country98"
"695,285,Street 695,City38,State20,73379.0,Country13"
"696,801,Street 696,City70,State41,84929.0,Country88"
"697,647,Street 697,City7,State33,17211.0,Country87"
"698,404,Street 698,City23,State10,59201.0,Country21"
"699,132,Street 699,City37,State25,53895.0,Country50"
"700,786,Street 700,City33,State20,99923.0,Country8"
"701,313,Street 701,City43,State36,40064.0,Country9"
"702,588,Street 702,City56,State37,36628.0,Country35"
"703,922,Street 703,City81,State27,45640.0,Country83"
"704,200,Street 704,City7,State50,70059.0,Country69"
"705,370,Street 705,City37,State6,90829.0,Country78"
"706,633,Street 706,City51,State25,91161.0,Country33"
"707,306,Street 707,City6,State39,49101.0,Country95"
"709,968,Street 709,City43,State28,74230.0,Country62"
"710,169,Street 710,City84,State33,61301.0,Country86"
"711,189,Street 711,City13,State11,86354.0,Country92"
"713,984,Street 713,City55,State28,83221.0,Country33"
"714,521,Street 714,City88,State21,79156.0,Country10"
"715,108,Street 715,City28,State44,59229.0,Country45"
"717,734,Street 717,City74,State15,70348.0,Country28"
"718,253,Street 718,City33,State36,60111.0,Country22"
"723,527,Street 723,City58,State16,35859.0,Country86"
"724,734,Street 724,City96,State33,32267.0,Country14"
"728,545,Street 728,City75,State31,26710.0,Country1"
"729,979,Street 729,City7,State37,54098.0,Country95"
"730,18,Street 730,City79,State10,67437.0,Country69"
"731,641,Street 731,City69,State15,69768.0,Country55"
"732,185,Street 732,City71,State1,32982.0,Country50"
"733,7,Street 733,City47,State40,74877.0,Country39"
"734,76,Street 734,City13,State27,80781.0,Country18"
"735,262,Street 735,City62,State30,12362.0,Country8"
"736,884,Street 736,City9,State16,11780.0,Country61"
"737,588,Street 737,City81,State1,26197.0,Country90"
"738,418,Street 738,City61,State18,98665.0,Country38"
"739,762,Street 739,City93,State35,45135.0,Country43"
"740,244,Street 740,City18,State40,29186.0,Country40"
"742,102,Street 742,City10,State42,25077.0,Country16"
"743,970,Street 743,City36,State48,89615.0,Country10"
"745,669,Street 745,City95,State25,39407.0,Country28"
"746,624,Street 746,City30,State35,77197.0,Country76"
"747,788,Street 747,City54,State24,38839.0,Country84"
"754,457,Street 754,City84,State36,80967.0,Country17"
"755,286,Street 755,City92,State29,46362.0,Country92"
"757,166,Street 757,City60,State34,68050.0,Country16"
"758,384,Street 758,City30,State6,26918.0,Country35"
"759,794,Street 759,City90,State47,23891.0,Country89"
"760,806,Street 760,City61,State41,21935.0,Country7"
"762,399,Street 762,City89,State12,19846.0,Country35"
"763,810,Street 763,City57,State46,57498.0,Country17"
"764,410,Street 764,City38,State46,39176.0,Country57"
"766,875,Street 766,City44,State45,27767.0,Country83"
"767,751,Street 767,City80,State25,70701.0,Country66"
"768,576,Street 768,City33,State38,48016.0,Country20"
"769,364,Street 769,City44,State33,52626.0,Country15"
"770,799,Street 770,City95,State28,57183.0,Country48"
"771,766,Street 771,City30,State6,78787.0,Country27"
"774,64,Street 774,City49,State18,14601.0,Country43"
"775,97,Street 775,City20,State39,23481.0,Country98"
"780,783,Street 780,City4,State37,10752.0,Country93"
"783,927,Street 783,City61,State14,61108.0,Country36"
"785,550,Street 785,City27,State15,52135.0,Country74"
"786,78,Street 786,City35,State48,50324.0,Country66"
"787,17,Street 787,City18,State35,77587.0,Country100"
"789,512,Street 789,City37,State4,38194.0,Country68"
"790,375,Street 790,City25,State17,34676.0,Country78"
"791,224,Street 791,City19,State41,15419.0,Country28"
"795,236,Street 795,City76,State24,59999.0,Country94"
"796,328,Street 796,City16,State35,97127.0,Country29"
"797,370,Street 797,City26,State4,29360.0,Country43"
"799,317,Street 799,City82,State46,84725.0,Country44"
"800,706,Street 800,City58,State29,44009.0,Country43"
"802,246,Street 802,City79,State20,20513.0,Country26"
"804,586,Street 804,City19,State11,48440.0,Country11"
"805,400,Street 805,City12,State43,65823.0,Country90"
"807,154,Street 807,City2,State49,99475.0,Country31"
"808,761,Street 808,City12,State6,15474.0,Country99"
"809,346,Street 809,City68,State14,93125.0,Country12"
"810,777,Street 810,City1,State31,39240.0,Country60"
"811,630,Street 811,City59,State7,81210.0,Country30"
"816,300,Street 816,City11,State47,63709.0,Country73"
"817,895,Street 817,City81,State20,49063.0,Country22"
"820,769,Street 820,City66,State17,75552.0,Country34"
"821,430,Street 821,City92,State5,77577.0,Country45"
"825,99,Street 825,City75,State14,83461.0,Country23"
"826,189,Street 826,City35,State14,85054.0,Country15"
"827,92,Street 827,City8,State48,65904.0,Country40"
"828,477,Street 828,City19,State26,38935.0,Country7"
"829,261,Street 829,City91,State28,48351.0,Country90"
"830,687,Street 830,City1,State45,28001.0,Country12"
"831,486,Street 831,City63,State27,94142.0,Country32"
"832,781,Street 832,City47,State37,25610.0,Country14"
"833,986,Street 833,City13,State42,54357.0,Country47"
"834,221,Street 834,City34,State39,29828.0,Country81"
"835,848,Street 835,City79,State9,10239.0,Country56"
"836,285,Street 836,City87,State12,64231.0,Country8"
"837,250,Street 837,City89,State26,64323.0,Country91"
"838,791,Street 838,City42,State37,47119.0,Country52"
"839,460,Street 839,City98,State23,94706.0,Country100"
"840,653,Street 840,City27,State25,95164.0,Country62"
"841,154,Street 841,City73,State40,22725.0,Country73"
"842,464,Street 842,City24,State32,27080.0,Country19"
"843,983,Street 843,City86,State27,22502.0,Country67"
"844,775,Street 844,City53,State14,17393.0,Country2"
"845,228,Street 845,City73,State31,64726.0,Country87"
"849,459,Street 849,City52,State18,66083.0,Country26"
"850,972,Street 850,City58,State44,13436.0,Country71"
"851,762,Street 851,City58,State37,89685.0,Country56"
"852,478,Street 852,City13,State5,97518.0,Country59"
"853,141,Street 853,City45,State17,10084.0,Country84"
"854,908,Street 854,City52,State36,70726.0,Country46"
"855,23,Street 855,City30,State12,23281.0,Country60"
"856,231,Street 856,City82,State29,16792.0,Country24"
"857,522,Street 857,City56,State45,64458.0,Country3"
"858,162,Street 858,City18,State33,80501.0,Country88"
"860,585,Street 860,City90,State7,45256.0,Country80"
"862,277,Street 862,City80,State21,96533.0,Country52"
"863,710,Street 863,City86,State35,79663.0,Country2"
"864,809,Street 864,City1,State14,94366.0,Country76"
"865,593,Street 865,City19,State50,36580.0,Country48"
"866,115,Street 866,City31,State27,38350.0,Country16"
"867,219,Street 867,City16,State6,38789.0,Country68"
"868,664,Street 868,City60,State31,84395.0,Country32"
"870,38,Street 870,City86,State49,64611.0,Country15"
"871,41,Street 871,City77,State10,71838.0,Country41"
"872,983,Street 872,City79,State6,12869.0,Country57"
"873,363,Street 873,City21,State19,34360.0,Country75"
"874,989,Street 874,City41,State38,29154.0,Country20"
"876,156,Street 876,City78,State46,27990.0,Country20"
"879,985,Street 879,City37,State46,90233.0,Country50"
"880,721,Street 880,City87,State30,62823.0,Country78"
"882,46,Street 882,City88,State31,78745.0,Country76"
"883,534,Street 883,City54,State12,38384.0,Country52"
"884,783,Street 884,City53,State39,15705.0,Country54"
"885,470,Street 885,City44,State16,32028.0,Country63"
"887,16,Street 887,City68,State48,47648.0,Country45"
"888,470,Street 888,City52,State48,48791.0,Country13"
"889,637,Street 889,City20,State18,38787.0,Country31"
"890,857,Street 890,City19,State9,72368.0,Country69"
"892,275,Street 892,City85,State20,64561.0,Country12"
"893,525,Street 893,City26,State39,52490.0,Country100"
"894,503,Street 894,City74,State2,25103.0,Country23"
"895,719,Street 895,City39,State48,14817.0,Country70"
"897,793,Street 897,City53,State39,59406.0,Country1"
"898,302,Street 898,City88,State3,20427.0,Country46"
"899,28,Street 899,City60,State36,41875.0,Country2"
"903,4,Street 903,City12,State2,88842.0,Country92"
"904,599,Street 904,City79,State47,41260.0,Country67"
"905,70,Street 905,City11,State43,78794.0,Country12"
"906,472,Street 906,City58,State4,85424.0,Country50"
"907,191,Street 907,City60,State46,59471.0,Country53"
"908,234,Street 908,City30,State4,48352.0,Country98"
"909,804,Street 909,City8,State33,33881.0,Country46"
"912,841,Street 912,City7,State39,39763.0,Country14"
"914,855,Street 914,City8,State3,57490.0,Country1"
"915,250,Street 915,City70,State22,47652.0,Country89"
"918,800,Street 918,City58,State43,36050.0,Country4"
"919,251,Street 919,City38,State1,65263.0,Country4"
"920,452,Street 920,City68,State4,57199.0,Country4"
"922,474,Street 922,City4,State42,73997.0,Country98"
"924,388,Street 924,City51,State3,20400.0,Country78"
"925,225,Street 925,City60,State36,23812.0,Country55"
"926,259,Street 926,City87,State19,85224.0,Country88"
"927,751,Street 927,City83,State44,52679.0,Country88"
"928,264,Street 928,City32,State43,21766.0,Country99"
"929,937,Street 929,City9,State6,58387.0,Country73"
"930,724,Street 930,City83,State12,95827.0,Country87"
"931,25,Street 931,City36,State33,81681.0,Country95"
"932,320,Street 932,City2,State11,54740.0,Country61"
"936,642,Street 936,City43,State15,40910.0,Country100"
"937,734,Street 937,City99,State18,39865.0,Country56"
"938,159,Street 938,City53,State25,40990.0,Country72"
"940,25,Street 940,City53,State10,43087.0,Country41"
"941,253,Street 941,City20,State27,14957.0,Country64"
"942,82,Street 942,City42,State48,92536.0,Country18"
"944,908,Street 944,City93,State3,61480.0,Country37"
"945,686,Street 945,City45,State20,84218.0,Country73"
"946,424,Street 946,City54,State46,87634.0,Country44"
"947,344,Street 947,City32,State3,50413.0,Country76"
"950,453,Street 950,City13,State3,30886.0,Country47"
"951,341,Street 951,City91,State2,46951.0,Country5"
"952,474,Street 952,City82,State37,17206.0,Country27"
"953,804,Street 953,City72,State30,19637.0,Country29"
"954,881,Street 954,City53,State3,58372.0,Country29"
"955,150,Street 955,City52,State48,99671.0,Country87"
"957,790,Street 957,City56,State4,84639.0,Country49"
"958,176,Street 958,City69,State43,18751.0,Country94"
"959,776,Street 959,City69,State9,41205.0,Country55"
"960,923,Street 960,City26,State18,22680.0,Country93"
"961,333,Street 961,City24,State27,57578.0,Country40"
"965,565,Street 965,City71,State27,20731.0,Country10"
"966,589,Street 966,City88,State31,76382.0,Country77"
"967,245,Street 967,City68,State45,13116.0,Country30"
"968,7,Street 968,City92,State3,84735.0,Country91"
"969,191,Street 969,City23,State2,14762.0,Country20"
"971,65,Street 971,City65,State3,60927.0,Country3"
"972,599,Street 972,City61,State22,11985.0,Country68"
"973,821,Street 973,City86,State35,25841.0,Country68"
"975,213,Street 975,City48,State9,69689.0,Country88"
"978,38,Street 978,City81,State22,46468.0,Country34"
"979,963,Street 979,City65,State50,84732.0,Country83"
"980,679,Street 980,City79,State5,61653.0,Country90"
"981,391,Street 981,City86,State5,37265.0,Country19"
"983,683,Street 983,City17,State26,69374.0,Country25"
"984,490,Street 984,City86,State49,38226.0,Country86"
"985,566,Street 985,City11,State6,94197.0,Country87"
"986,473,Street 986,City2,State22,99808.0,Country88"
"988,265,Street 988,City85,State39,19538.0,Country19"
"989,981,Street 989,City48,State31,63767.0,Country78"
"991,262,Street 991,City49,State41,26942.0,Country49"
"993,431,Street 993,City98,State37,52438.0,Country30"
"994,667,Street 994,City79,State6,53921.0,Country18"
"995,126,Street 995,City24,State7,53560.0,Country29"
"997,716,Street 997,City33,State21,91270.0,Country17"
"999,549,Street 999,City67,State29,56488.0,Country54"
