"CustomerID,FirstName,LastName,Email,PhoneNumber,DateOfBirth,Gender"
"1,Alaa Magdy,LastName1,user1@gmail.com,555-790-1502,10/16/1989,Female"
"2,FirstName2,LastName2,user2@gmail.com,555-794-8200,10/16/1962,Female"
"3,FirstName3,LastName3,user3@gmail.com,555-473-8195,10/16/1972,Male"
"4,FirstName4,LastName4,user4@gmail.com,555-198-9903,10/16/1998,Male"
"10,Nijar,LastName10,user10@gmail.com,555-887-5337,10/16/1983,Male"
"11,Enjy ,LastName11,user11@gmail.com,555-663-3631,10/16/1977,Female"
"12,FirstName12,LastName12,user12@gmail.com,555-247-8023,10/16/1973,Female"
"16,FirstName16,LastName16,user16@gmail.com,555-229-7656,10/16/1957,Female"
"18,FirstName18,LastName18,user18@gmail.com,555-295-9587,10/16/1959,Female"
"19,FirstName19,LastName19,user19@gmail.com,555-487-1568,10/16/1987,Male"
"22,FirstName22,LastName22,user22@gmail.com,555-151-4687,10/16/1975,Female"
"23,FirstName23,LastName23,user23@gmail.com,555-346-4840,10/16/1991,Female"
"25,FirstName25,LastName25,user25@gmail.com,555-882-8282,10/16/1995,Male"
"26,FirstName26,LastName26,user26@gmail.com,555-204-5593,10/16/1984,Male"
"27,FirstName27,LastName27,user27@gmail.com,555-213-8975,10/16/1990,Female"
"30,FirstName30,LastName30,user30@gmail.com,555-706-4790,10/16/1981,Male"
"31,FirstName31,LastName31,user31@gmail.com,555-436-0530,10/16/1966,Female"
"34,FirstName34,LastName34,user34@gmail.com,555-419-9514,10/16/1962,Male"
"35,FirstName35,LastName35,user35@gmail.com,555-308-8426,10/16/1964,Male"
"37,FirstName37,LastName37,user37@gmail.com,555-648-0482,10/16/2001,Male"
"38,FirstName38,LastName38,user38@gmail.com,555-169-8745,10/16/1973,Female"
"41,FirstName41,LastName41,user41@gmail.com,555-125-2919,10/16/2001,Male"
"46,FirstName46,LastName46,user46@gmail.com,555-132-2181,10/16/1978,Male"
"47,FirstName47,LastName47,user47@gmail.com,555-964-4948,10/16/1973,Female"
"48,FirstName48,LastName48,user48@gmail.com,555-337-2601,10/16/1983,Female"
"49,FirstName49,LastName49,user49@gmail.com,555-107-1947,10/16/1966,Female"
"55,FirstName55,LastName55,user55@gmail.com,555-433-7497,10/16/1968,Male"
"56,FirstName56,LastName56,user56@gmail.com,555-249-8694,10/16/2001,Female"
"57,FirstName57,LastName57,user57@gmail.com,555-745-6222,10/16/2004,Male"
"58,FirstName58,LastName58,user58@gmail.com,555-401-7539,10/16/1959,Female"
"59,FirstName59,LastName59,user59@gmail.com,555-134-3691,10/16/1998,Female"
"61,FirstName61,LastName61,user61@gmail.com,555-594-9764,10/16/1975,Male"
"62,FirstName62,LastName62,user62@gmail.com,555-314-3000,10/16/1964,Male"
"63,FirstName63,LastName63,user63@gmail.com,555-115-8835,10/16/1983,Female"
"67,FirstName67,LastName67,user67@gmail.com,555-400-7877,10/16/1984,Male"
"68,FirstName68,LastName68,user68@gmail.com,555-641-9944,10/16/1972,Male"
"70,FirstName70,LastName70,user70@gmail.com,555-899-4186,10/16/1997,Male"
"71,FirstName71,LastName71,user71@gmail.com,555-597-7269,10/16/2006,Male"
"75,FirstName75,LastName75,user75@gmail.com,555-437-6412,10/16/1960,Male"
"76,FirstName76,LastName76,user76@gmail.com,555-550-5084,10/16/2003,Female"
"79,FirstName79,LastName79,user79@gmail.com,555-114-8152,10/16/1990,Male"
"80,FirstName80,LastName80,user80@gmail.com,555-385-8933,10/16/2000,Female"
"83,FirstName83,LastName83,user83@gmail.com,555-590-7782,10/16/2006,Male"
"85,FirstName85,LastName85,user85@gmail.com,555-474-9335,10/16/1993,Male"
"86,FirstName86,LastName86,user86@gmail.com,555-341-8501,10/16/1964,Male"
"88,FirstName88,LastName88,user88@gmail.com,555-417-8940,10/16/2001,Female"
"89,FirstName89,LastName89,user89@gmail.com,555-637-9776,10/16/1991,Male"
"90,FirstName90,LastName90,user90@gmail.com,555-889-2428,10/16/1972,Male"
"91,FirstName91,LastName91,user91@gmail.com,555-813-8751,10/16/1963,Male"
"92,FirstName92,LastName92,user92@gmail.com,555-957-7767,10/16/1968,Female"
"93,FirstName93,LastName93,user93@gmail.com,555-171-4745,10/16/2003,Male"
"94,FirstName94,LastName94,user94@gmail.com,555-686-4597,10/16/2000,Male"
"95,FirstName95,LastName95,user95@gmail.com,555-178-8609,10/16/1995,Female"
"97,FirstName97,LastName97,user97@gmail.com,555-787-8819,10/16/2005,Male"
"98,FirstName98,LastName98,user98@gmail.com,555-431-6529,10/16/2001,Female"
"100,FirstName100,LastName100,user100@gmail.com,555-195-9887,10/16/1958,Male"
"102,FirstName102,LastName102,user102@gmail.com,555-176-0904,10/16/1998,Female"
"103,FirstName103,LastName103,user103@gmail.com,555-986-3221,10/16/1985,Male"
"105,FirstName105,LastName105,user105@gmail.com,555-807-7980,10/16/1984,Female"
"107,FirstName107,LastName107,user107@gmail.com,555-623-3242,10/16/1959,Female"
"108,FirstName108,LastName108,user108@gmail.com,555-103-3212,10/16/1982,Male"
"109,FirstName109,LastName109,user109@gmail.com,555-898-7929,10/16/2005,Female"
"110,FirstName110,LastName110,user110@gmail.com,555-273-8401,10/16/1991,Female"
"114,FirstName114,LastName114,user114@gmail.com,555-608-5076,10/16/1959,Male"
"115,FirstName115,LastName115,user115@gmail.com,555-440-2029,10/16/1989,Female"
"116,FirstName116,LastName116,user116@gmail.com,555-426-2268,10/16/1967,Male"
"117,FirstName117,LastName117,user117@gmail.com,555-463-7380,10/16/1993,Female"
"119,FirstName119,LastName119,user119@gmail.com,555-222-9747,10/16/1990,Male"
"120,FirstName120,LastName120,user120@gmail.com,555-302-8082,10/16/2005,Female"
"122,FirstName122,LastName122,user122@gmail.com,555-496-0825,10/16/1999,Male"
"123,FirstName123,LastName123,user123@gmail.com,555-447-9329,10/16/1993,Male"
"124,FirstName124,LastName124,user124@gmail.com,555-433-3108,10/16/1957,Female"
"128,FirstName128,LastName128,user128@gmail.com,555-144-6159,10/16/2003,Female"
"129,FirstName129,LastName129,user129@gmail.com,555-682-4733,10/16/1965,Male"
"131,FirstName131,LastName131,user131@gmail.com,555-340-3709,10/16/1994,Male"
"132,FirstName132,LastName132,user132@gmail.com,555-587-3878,10/16/1968,Female"
"133,FirstName133,LastName133,user133@gmail.com,555-935-3300,10/16/1983,Female"
"136,FirstName136,LastName136,user136@gmail.com,555-777-2950,10/16/1998,Male"
"138,FirstName138,LastName138,user138@gmail.com,555-618-4300,10/16/1959,Female"
"139,FirstName139,LastName139,user139@gmail.com,555-167-4463,10/16/1962,Male"
"146,FirstName146,LastName146,user146@gmail.com,555-127-6340,10/16/1975,Male"
"148,FirstName148,LastName148,user148@gmail.com,555-158-8164,10/16/2002,Male"
"149,FirstName149,LastName149,user149@gmail.com,555-738-3036,10/16/1991,Male"
"152,FirstName152,LastName152,user152@gmail.com,555-688-1170,10/16/1962,Male"
"153,FirstName153,LastName153,user153@gmail.com,555-852-8032,10/16/2002,Female"
"154,FirstName154,LastName154,user154@gmail.com,555-257-5123,10/16/1957,Female"
"155,FirstName155,LastName155,user155@gmail.com,555-962-7949,10/16/1986,Female"
"156,FirstName156,LastName156,user156@gmail.com,555-353-2787,10/16/1964,Male"
"157,FirstName157,LastName157,user157@gmail.com,555-442-2493,10/16/1994,Female"
"160,FirstName160,LastName160,user160@gmail.com,555-461-8075,10/16/1997,Female"
"161,FirstName161,LastName161,user161@gmail.com,555-341-4254,10/16/1958,Male"
"167,FirstName167,LastName167,user167@gmail.com,555-430-0293,10/16/1982,Female"
"169,FirstName169,LastName169,user169@gmail.com,555-922-9008,10/16/1997,Male"
"170,FirstName170,LastName170,user170@gmail.com,555-258-4697,10/16/1961,Female"
"172,FirstName172,LastName172,user172@gmail.com,555-419-8548,10/16/1958,Male"
"173,FirstName173,LastName173,user173@gmail.com,555-534-0428,10/16/1980,Male"
"174,FirstName174,LastName174,user174@gmail.com,555-394-1459,10/16/1977,Male"
"175,FirstName175,LastName175,user175@gmail.com,555-265-3557,10/16/1979,Female"
"177,FirstName177,LastName177,user177@gmail.com,555-853-6118,10/16/1989,Female"
"178,FirstName178,LastName178,user178@gmail.com,555-128-4364,10/16/1990,Male"
"182,FirstName182,LastName182,user182@gmail.com,555-158-5584,10/16/1971,Male"
"183,FirstName183,LastName183,user183@gmail.com,555-679-0490,10/16/1999,Male"
"184,FirstName184,LastName184,user184@gmail.com,555-428-9837,10/16/1981,Male"
"192,FirstName192,LastName192,user192@gmail.com,555-355-7292,10/16/1985,Male"
"194,FirstName194,LastName194,user194@gmail.com,555-395-0089,10/16/2000,Male"
"196,FirstName196,LastName196,user196@gmail.com,555-171-7137,10/16/1961,Male"
"199,FirstName199,LastName199,user199@gmail.com,555-690-9179,10/16/2002,Male"
"200,FirstName200,LastName200,user200@gmail.com,555-441-9903,10/16/1996,Female"
"206,FirstName206,LastName206,user206@gmail.com,555-462-3345,10/16/1989,Female"
"208,FirstName208,LastName208,user208@gmail.com,555-518-7393,10/16/1984,Male"
"212,FirstName212,LastName212,user212@gmail.com,555-942-9667,10/16/2001,Female"
"213,FirstName213,LastName213,user213@gmail.com,555-245-3531,10/16/1997,Female"
"217,FirstName217,LastName217,user217@gmail.com,555-621-3653,10/16/2005,Female"
"218,FirstName218,LastName218,user218@gmail.com,555-889-2457,10/16/1977,Male"
"220,FirstName220,LastName220,user220@gmail.com,555-864-8659,10/16/1984,Female"
"224,FirstName224,LastName224,user224@gmail.com,555-858-0137,10/16/1979,Male"
"226,FirstName226,LastName226,user226@gmail.com,555-100-6930,10/16/1981,Female"
"227,FirstName227,LastName227,user227@gmail.com,555-237-3894,10/16/1988,Male"
"229,FirstName229,LastName229,user229@gmail.com,555-895-5972,10/16/1988,Male"
"231,FirstName231,LastName231,user231@gmail.com,555-482-4290,10/16/2004,Male"
"232,FirstName232,LastName232,user232@gmail.com,555-239-7889,10/16/1967,Male"
"233,FirstName233,LastName233,user233@gmail.com,555-798-9641,10/16/1985,Male"
"234,FirstName234,LastName234,user234@gmail.com,555-134-6576,10/16/1983,Male"
"237,FirstName237,LastName237,user237@gmail.com,555-292-7187,10/16/1960,Female"
"238,FirstName238,LastName238,user238@gmail.com,555-975-2507,10/16/2006,Male"
"241,FirstName241,LastName241,user241@gmail.com,555-693-8818,10/16/1988,Female"
"242,FirstName242,LastName242,user242@gmail.com,555-398-4174,10/16/1980,Female"
"245,FirstName245,LastName245,user245@gmail.com,555-744-1330,10/16/1958,Female"
"246,FirstName246,LastName246,user246@gmail.com,555-888-4061,10/16/1999,Female"
"247,FirstName247,LastName247,user247@gmail.com,555-474-9353,10/16/2005,Male"
"248,FirstName248,LastName248,user248@gmail.com,555-215-7912,10/16/1971,Female"
"252,FirstName252,LastName252,user252@gmail.com,555-982-9078,10/16/1987,Male"
"253,FirstName253,LastName253,user253@gmail.com,555-377-2286,10/16/1967,Female"
"254,FirstName254,LastName254,user254@gmail.com,555-358-9881,10/16/1958,Male"
"256,FirstName256,LastName256,user256@gmail.com,555-906-0481,10/16/1979,Male"
"257,FirstName257,LastName257,user257@gmail.com,555-464-1705,10/16/2006,Female"
"258,FirstName258,LastName258,user258@gmail.com,555-798-6680,10/16/2001,Female"
"261,FirstName261,LastName261,user261@gmail.com,555-905-3206,10/16/1971,Female"
"262,FirstName262,LastName262,user262@gmail.com,555-790-1804,10/16/1970,Female"
"263,FirstName263,LastName263,user263@gmail.com,555-270-9418,10/16/2000,Male"
"264,FirstName264,LastName264,user264@gmail.com,555-783-2947,10/16/2005,Female"
"270,FirstName270,LastName270,user270@gmail.com,555-533-6428,10/16/1995,Male"
"271,FirstName271,LastName271,user271@gmail.com,555-178-6978,10/16/2003,Female"
"272,FirstName272,LastName272,user272@gmail.com,555-683-0187,10/16/2005,Male"
"275,FirstName275,LastName275,user275@gmail.com,555-229-1119,10/16/1994,Male"
"280,FirstName280,LastName280,user280@gmail.com,555-173-4824,10/16/1983,Female"
"283,FirstName283,LastName283,user283@gmail.com,555-438-0293,10/16/1980,Female"
"285,FirstName285,LastName285,user285@gmail.com,555-566-9232,10/16/1990,Male"
"286,FirstName286,LastName286,user286@gmail.com,555-621-5632,10/16/1982,Female"
"287,FirstName287,LastName287,user287@gmail.com,555-866-9878,10/16/1992,Male"
"288,FirstName288,LastName288,user288@gmail.com,555-395-9949,10/16/1996,Male"
"289,FirstName289,LastName289,user289@gmail.com,555-581-2024,10/16/1994,Male"
"291,FirstName291,LastName291,user291@gmail.com,555-994-0124,10/16/1989,Female"
"292,FirstName292,LastName292,user292@gmail.com,555-644-5403,10/16/2006,Female"
"293,FirstName293,LastName293,user293@gmail.com,555-956-8011,10/16/1987,Female"
"296,FirstName296,LastName296,user296@gmail.com,555-706-5794,10/16/1961,Female"
"297,FirstName297,LastName297,user297@gmail.com,555-892-4611,10/16/1995,Female"
"301,FirstName301,LastName301,user301@gmail.com,555-287-4510,10/16/2003,Male"
"305,FirstName305,LastName305,user305@gmail.com,555-325-9782,10/16/1995,Female"
"307,FirstName307,LastName307,user307@gmail.com,555-179-1335,10/16/1966,Female"
"308,FirstName308,LastName308,user308@gmail.com,555-867-9285,10/16/1972,Male"
"310,FirstName310,LastName310,user310@gmail.com,555-398-0881,10/16/1985,Female"
"311,FirstName311,LastName311,user311@gmail.com,555-113-1182,10/16/1997,Female"
"313,FirstName313,LastName313,user313@gmail.com,555-653-8302,10/16/1985,Female"
"314,FirstName314,LastName314,user314@gmail.com,555-714-6615,10/16/1997,Female"
"315,FirstName315,LastName315,user315@gmail.com,555-471-0784,10/16/1963,Male"
"316,FirstName316,LastName316,user316@gmail.com,555-295-2258,10/16/1984,Female"
"317,FirstName317,LastName317,user317@gmail.com,555-163-6836,10/16/1975,Female"
"318,FirstName318,LastName318,user318@gmail.com,555-315-4274,10/16/1965,Male"
"322,FirstName322,LastName322,user322@gmail.com,555-975-3469,10/16/1987,Male"
"323,FirstName323,LastName323,user323@gmail.com,555-106-0565,10/16/1980,Male"
"324,FirstName324,LastName324,user324@gmail.com,555-715-1683,10/16/1979,Male"
"325,FirstName325,LastName325,user325@gmail.com,555-482-3118,10/16/1975,Male"
"327,FirstName327,LastName327,user327@gmail.com,555-694-2697,10/16/1990,Female"
"328,FirstName328,LastName328,user328@gmail.com,555-338-7540,10/16/1963,Female"
"329,FirstName329,LastName329,user329@gmail.com,555-775-7180,10/16/1999,Female"
"334,FirstName334,LastName334,user334@gmail.com,555-847-8064,10/16/2005,Female"
"335,FirstName335,LastName335,user335@gmail.com,555-799-2344,10/16/1957,Female"
"338,FirstName338,LastName338,user338@gmail.com,555-153-7209,10/16/1966,Male"
"341,FirstName341,LastName341,user341@gmail.com,555-623-9342,10/16/1996,Female"
"342,FirstName342,LastName342,user342@gmail.com,555-486-9750,10/16/1967,Male"
"343,FirstName343,LastName343,user343@gmail.com,555-755-0444,10/16/1983,Male"
"344,FirstName344,LastName344,user344@gmail.com,555-450-2974,10/16/1977,Male"
"345,FirstName345,LastName345,user345@gmail.com,555-520-4905,10/16/1969,Male"
"348,FirstName348,LastName348,user348@gmail.com,555-185-6568,10/16/1978,Female"
"349,FirstName349,LastName349,user349@gmail.com,555-341-3546,10/16/1985,Male"
"351,FirstName351,LastName351,user351@gmail.com,555-255-6306,10/16/1970,Female"
"354,FirstName354,LastName354,user354@gmail.com,555-845-3749,10/16/1986,Male"
"358,FirstName358,LastName358,user358@gmail.com,555-469-6716,10/16/1984,Female"
"359,FirstName359,LastName359,user359@gmail.com,555-259-4781,10/16/1975,Male"
"361,FirstName361,LastName361,user361@gmail.com,555-769-5136,10/16/1961,Female"
"365,FirstName365,LastName365,user365@gmail.com,555-650-7700,10/16/1962,Female"
"366,FirstName366,LastName366,user366@gmail.com,555-560-6784,10/16/2001,Female"
"373,FirstName373,LastName373,user373@gmail.com,555-309-5056,10/16/1971,Female"
"374,FirstName374,LastName374,user374@gmail.com,555-173-6518,10/16/1990,Male"
"376,FirstName376,LastName376,user376@gmail.com,555-610-9628,10/16/1966,Male"
"378,FirstName378,LastName378,user378@gmail.com,555-127-9863,10/16/1959,Female"
"379,FirstName379,LastName379,user379@gmail.com,555-748-0180,10/16/1994,Female"
"380,FirstName380,LastName380,user380@gmail.com,555-787-8532,10/16/2005,Female"
"383,FirstName383,LastName383,user383@gmail.com,555-187-6355,10/16/2006,Male"
"388,FirstName388,LastName388,user388@gmail.com,555-558-6204,10/16/1985,Female"
"389,FirstName389,LastName389,user389@gmail.com,555-341-6950,10/16/1957,Female"
"390,FirstName390,LastName390,user390@gmail.com,555-353-3042,10/16/1970,Male"
"392,FirstName392,LastName392,user392@gmail.com,555-106-4344,10/16/1975,Male"
"395,FirstName395,LastName395,user395@gmail.com,555-910-1153,10/16/1973,Male"
"396,FirstName396,LastName396,user396@gmail.com,555-596-7149,10/16/1963,Male"
"397,FirstName397,LastName397,user397@gmail.com,555-457-8437,10/16/1988,Female"
"398,FirstName398,LastName398,user398@gmail.com,555-469-1554,10/16/1989,Male"
"399,FirstName399,LastName399,user399@gmail.com,555-675-4726,10/16/1977,Male"
"400,FirstName400,LastName400,user400@gmail.com,555-912-0142,10/16/1974,Male"
"402,FirstName402,LastName402,user402@gmail.com,555-572-6347,10/16/1977,Female"
"403,FirstName403,LastName403,user403@gmail.com,555-317-7657,10/16/2004,Male"
"404,FirstName404,LastName404,user404@gmail.com,555-436-2971,10/16/1969,Female"
"405,FirstName405,LastName405,user405@gmail.com,555-657-4485,10/16/1995,Female"
"406,FirstName406,LastName406,user406@gmail.com,555-515-2888,10/16/1976,Male"
"409,FirstName409,LastName409,user409@gmail.com,555-159-3151,10/16/1974,Male"
"411,FirstName411,LastName411,user411@gmail.com,555-732-5027,10/16/1976,Female"
"414,FirstName414,LastName414,user414@gmail.com,555-879-5431,10/16/1985,Female"
"415,FirstName415,LastName415,user415@gmail.com,555-694-8418,10/16/1961,Male"
"419,FirstName419,LastName419,user419@gmail.com,555-967-2549,10/16/2003,Male"
"420,FirstName420,LastName420,user420@gmail.com,555-145-3958,10/16/1988,Female"
"423,FirstName423,LastName423,user423@gmail.com,555-534-2597,10/16/2001,Male"
"425,FirstName425,LastName425,user425@gmail.com,555-673-0778,10/16/1976,Female"
"426,FirstName426,LastName426,user426@gmail.com,555-466-8258,10/16/1981,Male"
"427,FirstName427,LastName427,user427@gmail.com,555-441-3753,10/16/1979,Male"
"428,FirstName428,LastName428,user428@gmail.com,555-547-0144,10/16/1983,Female"
"429,FirstName429,LastName429,user429@gmail.com,555-387-7362,10/16/1960,Male"
"430,FirstName430,LastName430,user430@gmail.com,555-543-5225,10/16/1976,Female"
"431,FirstName431,LastName431,user431@gmail.com,555-662-4788,10/16/1987,Male"
"434,FirstName434,LastName434,user434@gmail.com,555-539-4238,10/16/1973,Female"
"435,FirstName435,LastName435,user435@gmail.com,555-409-1265,10/16/1963,Male"
"437,FirstName437,LastName437,user437@gmail.com,555-592-0037,10/16/1964,Male"
"442,FirstName442,LastName442,user442@gmail.com,555-975-9889,10/16/1991,Male"
"444,FirstName444,LastName444,user444@gmail.com,555-790-9130,10/16/1998,Male"
"448,FirstName448,LastName448,user448@gmail.com,555-599-8352,10/16/1964,Female"
"450,FirstName450,LastName450,user450@gmail.com,555-113-4717,10/16/1965,Male"
"451,FirstName451,LastName451,user451@gmail.com,555-103-1516,10/16/1964,Female"
"452,FirstName452,LastName452,user452@gmail.com,555-372-5151,10/16/1995,Male"
"453,FirstName453,LastName453,user453@gmail.com,555-130-8320,10/16/1963,Male"
"454,FirstName454,LastName454,user454@gmail.com,555-657-3557,10/16/1957,Male"
"456,FirstName456,LastName456,user456@gmail.com,555-345-7502,10/16/1990,Female"
"457,FirstName457,LastName457,user457@gmail.com,555-675-1409,10/16/1963,Female"
"459,FirstName459,LastName459,user459@gmail.com,555-878-4827,10/16/1983,Female"
"460,FirstName460,LastName460,user460@gmail.com,555-273-2240,10/16/1960,Female"
"461,FirstName461,LastName461,user461@gmail.com,555-744-2810,10/16/1958,Female"
"462,FirstName462,LastName462,user462@gmail.com,555-819-1741,10/16/1991,Female"
"463,FirstName463,LastName463,user463@gmail.com,555-138-5759,10/16/1992,Male"
"464,FirstName464,LastName464,user464@gmail.com,555-370-1378,10/16/1973,Female"
"465,FirstName465,LastName465,user465@gmail.com,555-673-8209,10/16/1963,Female"
"467,FirstName467,LastName467,user467@gmail.com,555-552-8285,10/16/1961,Male"
"470,FirstName470,LastName470,user470@gmail.com,555-653-3473,10/16/1990,Male"
"471,FirstName471,LastName471,user471@gmail.com,555-161-1131,10/16/1983,Female"
"473,FirstName473,LastName473,user473@gmail.com,555-559-7690,10/16/1971,Female"
"479,FirstName479,LastName479,user479@gmail.com,555-703-1838,10/16/1972,Female"
"481,FirstName481,LastName481,user481@gmail.com,555-881-4747,10/16/1976,Female"
"483,FirstName483,LastName483,user483@gmail.com,555-644-8183,10/16/2002,Male"
"487,FirstName487,LastName487,user487@gmail.com,555-452-4713,10/16/2000,Female"
"490,FirstName490,LastName490,user490@gmail.com,555-741-4949,10/16/1984,Female"
"491,FirstName491,LastName491,user491@gmail.com,555-833-3749,10/16/1990,Female"
"492,FirstName492,LastName492,user492@gmail.com,555-837-5354,10/16/2000,Male"
"494,FirstName494,LastName494,user494@gmail.com,555-440-5590,10/16/1991,Female"
"500,FirstName500,LastName500,user500@gmail.com,555-269-7948,10/16/2005,Female"
"501,FirstName501,LastName501,user501@gmail.com,555-223-8591,10/16/1963,Male"
"503,FirstName503,LastName503,user503@gmail.com,555-826-9753,10/16/1965,Male"
"504,FirstName504,LastName504,user504@gmail.com,555-758-7326,10/16/1970,Female"
"507,FirstName507,LastName507,user507@gmail.com,555-367-4383,10/16/1959,Female"
"513,FirstName513,LastName513,user513@gmail.com,555-625-0678,10/16/2003,Female"
"514,FirstName514,LastName514,user514@gmail.com,555-970-5512,10/16/1983,Male"
"515,FirstName515,LastName515,user515@gmail.com,555-785-3070,10/16/1957,Male"
"520,FirstName520,LastName520,user520@gmail.com,555-487-7325,10/16/2005,Female"
"522,FirstName522,LastName522,user522@gmail.com,555-591-5987,10/16/1977,Female"
"523,FirstName523,LastName523,user523@gmail.com,555-807-4534,10/16/1991,Male"
"528,FirstName528,LastName528,user528@gmail.com,555-793-3289,10/16/1966,Female"
"531,FirstName531,LastName531,user531@gmail.com,555-243-6303,10/16/1965,Female"
"537,FirstName537,LastName537,user537@gmail.com,555-824-5161,10/16/1960,Male"
"538,FirstName538,LastName538,user538@gmail.com,555-605-5751,10/16/1968,Female"
"541,FirstName541,LastName541,user541@gmail.com,555-369-3485,10/16/1997,Female"
"542,FirstName542,LastName542,user542@gmail.com,555-486-4595,10/16/1977,Female"
"548,FirstName548,LastName548,user548@gmail.com,555-434-2521,10/16/1999,Female"
"551,FirstName551,LastName551,user551@gmail.com,555-151-6500,10/16/1996,Female"
"553,FirstName553,LastName553,user553@gmail.com,555-667-3049,10/16/1966,Female"
"554,FirstName554,LastName554,user554@gmail.com,555-793-5520,10/16/1979,Female"
"555,FirstName555,LastName555,user555@gmail.com,555-464-7592,10/16/2004,Male"
"558,FirstName558,LastName558,user558@gmail.com,555-193-4647,10/16/1985,Male"
"559,FirstName559,LastName559,user559@gmail.com,555-898-6676,10/16/1999,Female"
"560,FirstName560,LastName560,user560@gmail.com,555-764-0043,10/16/1997,Male"
"562,FirstName562,LastName562,user562@gmail.com,555-475-4123,10/16/1981,Male"
"563,FirstName563,LastName563,user563@gmail.com,555-876-9828,10/16/1979,Male"
"564,FirstName564,LastName564,user564@gmail.com,555-268-1430,10/16/1964,Male"
"567,FirstName567,LastName567,user567@gmail.com,555-341-5869,10/16/1976,Female"
"568,FirstName568,LastName568,user568@gmail.com,555-739-5580,10/16/1987,Male"
"569,FirstName569,LastName569,user569@gmail.com,555-352-7685,10/16/2004,Male"
"570,FirstName570,LastName570,user570@gmail.com,555-792-4516,10/16/1961,Female"
"573,FirstName573,LastName573,user573@gmail.com,555-827-1016,10/16/1983,Male"
"578,FirstName578,LastName578,user578@gmail.com,555-591-6468,10/16/1959,Male"
"580,FirstName580,LastName580,user580@gmail.com,555-419-3558,10/16/1979,Female"
"581,FirstName581,LastName581,user581@gmail.com,555-509-8755,10/16/1962,Male"
"583,FirstName583,LastName583,user583@gmail.com,555-579-7681,10/16/1985,Female"
"587,FirstName587,LastName587,user587@gmail.com,555-652-4848,10/16/1999,Female"
"588,FirstName588,LastName588,user588@gmail.com,555-448-3319,10/16/1965,Female"
"589,FirstName589,LastName589,user589@gmail.com,555-324-2271,10/16/1957,Female"
"592,FirstName592,LastName592,user592@gmail.com,555-328-3503,10/16/1981,Male"
"593,FirstName593,LastName593,user593@gmail.com,555-665-3556,10/16/2004,Male"
"594,FirstName594,LastName594,user594@gmail.com,555-631-6373,10/16/1967,Female"
"596,FirstName596,LastName596,user596@gmail.com,555-520-3274,10/16/1981,Female"
"601,FirstName601,LastName601,user601@gmail.com,555-552-9873,10/16/1968,Female"
"603,FirstName603,LastName603,user603@gmail.com,555-492-2386,10/16/1961,Male"
"604,FirstName604,LastName604,user604@gmail.com,555-776-6873,10/16/2002,Male"
"606,FirstName606,LastName606,user606@gmail.com,555-719-3436,10/16/1964,Male"
"608,FirstName608,LastName608,user608@gmail.com,555-924-4503,10/16/1968,Female"
"612,FirstName612,LastName612,user612@gmail.com,555-198-4908,10/16/1958,Female"
"613,FirstName613,LastName613,user613@gmail.com,555-742-4065,10/16/1979,Female"
"614,FirstName614,LastName614,user614@gmail.com,555-329-9239,10/16/1982,Male"
"616,FirstName616,LastName616,user616@gmail.com,555-457-4669,10/16/1975,Female"
"618,FirstName618,LastName618,user618@gmail.com,555-768-8489,10/16/1958,Male"
"619,FirstName619,LastName619,user619@gmail.com,555-882-5179,10/16/1990,Male"
"621,FirstName621,LastName621,user621@gmail.com,555-377-3622,10/16/1959,Male"
"624,FirstName624,LastName624,user624@gmail.com,555-231-3283,10/16/1968,Male"
"625,FirstName625,LastName625,user625@gmail.com,555-542-7993,10/16/1971,Male"
"626,FirstName626,LastName626,user626@gmail.com,555-211-5193,10/16/2001,Female"
"627,FirstName627,LastName627,user627@gmail.com,555-754-9726,10/16/2004,Female"
"628,FirstName628,LastName628,user628@gmail.com,555-284-6519,10/16/1968,Male"
"629,FirstName629,LastName629,user629@gmail.com,555-981-4606,10/16/1992,Male"
"631,FirstName631,LastName631,user631@gmail.com,555-276-0368,10/16/2002,Male"
"633,FirstName633,LastName633,user633@gmail.com,555-469-4735,10/16/1991,Female"
"634,FirstName634,LastName634,user634@gmail.com,555-186-0489,10/16/1969,Male"
"637,FirstName637,LastName637,user637@gmail.com,555-950-1918,10/16/1984,Female"
"638,FirstName638,LastName638,user638@gmail.com,555-285-9560,10/16/1971,Female"
"639,FirstName639,LastName639,user639@gmail.com,555-711-0666,10/16/1977,Female"
"640,FirstName640,LastName640,user640@gmail.com,555-270-9153,10/16/1965,Male"
"643,FirstName643,LastName643,user643@gmail.com,555-924-1610,10/16/1984,Male"
"644,FirstName644,LastName644,user644@gmail.com,555-246-3658,10/16/1968,Male"
"646,FirstName646,LastName646,user646@gmail.com,555-441-6689,10/16/1965,Female"
"647,FirstName647,LastName647,user647@gmail.com,555-940-2880,10/16/2005,Male"
"649,FirstName649,LastName649,user649@gmail.com,555-560-0701,10/16/1966,Female"
"650,FirstName650,LastName650,user650@gmail.com,555-612-5413,10/16/1963,Male"
"652,FirstName652,LastName652,user652@gmail.com,555-316-4921,10/16/2003,Female"
"654,FirstName654,LastName654,user654@gmail.com,555-734-4633,10/16/1973,Female"
"657,FirstName657,LastName657,user657@gmail.com,555-396-6471,10/16/1976,Male"
"658,FirstName658,LastName658,user658@gmail.com,555-503-3624,10/16/1982,Male"
"660,FirstName660,LastName660,user660@gmail.com,555-471-1292,10/16/2004,Female"
"661,FirstName661,LastName661,user661@gmail.com,555-159-2893,10/16/1996,Male"
"662,FirstName662,LastName662,user662@gmail.com,555-308-2314,10/16/1995,Female"
"663,FirstName663,LastName663,user663@gmail.com,555-734-5640,10/16/1988,Female"
"669,FirstName669,LastName669,user669@gmail.com,555-389-9908,10/16/1965,Male"
"672,FirstName672,LastName672,user672@gmail.com,555-208-6707,10/16/2003,Male"
"674,FirstName674,LastName674,user674@gmail.com,555-124-3715,10/16/1997,Female"
"676,FirstName676,LastName676,user676@gmail.com,555-627-8983,10/16/1966,Female"
"677,FirstName677,LastName677,user677@gmail.com,555-285-7560,10/16/1969,Female"
"680,FirstName680,LastName680,user680@gmail.com,555-938-3867,10/16/1987,Male"
"684,FirstName684,LastName684,user684@gmail.com,555-171-5309,10/16/2005,Male"
"686,FirstName686,LastName686,user686@gmail.com,555-886-3980,10/16/2003,Male"
"690,FirstName690,LastName690,user690@gmail.com,555-289-2733,10/16/1979,Male"
"694,FirstName694,LastName694,user694@gmail.com,555-361-0365,10/16/1974,Female"
"695,FirstName695,LastName695,user695@gmail.com,555-169-1532,10/16/1965,Female"
"698,FirstName698,LastName698,user698@gmail.com,555-980-1627,10/16/1978,Male"
"699,FirstName699,LastName699,user699@gmail.com,555-673-4744,10/16/1985,Male"
"701,FirstName701,LastName701,user701@gmail.com,555-775-3671,10/16/1992,Female"
"705,FirstName705,LastName705,user705@gmail.com,555-753-4464,10/16/1965,Male"
"707,FirstName707,LastName707,user707@gmail.com,555-923-2743,10/16/2004,Female"
"708,FirstName708,LastName708,user708@gmail.com,555-812-7050,10/16/1998,Male"
"711,FirstName711,LastName711,user711@gmail.com,555-463-8803,10/16/1988,Female"
"712,FirstName712,LastName712,user712@gmail.com,555-622-0243,10/16/1983,Female"
"716,FirstName716,LastName716,user716@gmail.com,555-838-6187,10/16/1990,Female"
"719,FirstName719,LastName719,user719@gmail.com,555-768-3195,10/16/1982,Male"
"720,FirstName720,LastName720,user720@gmail.com,555-773-9753,10/16/1995,Female"
"724,FirstName724,LastName724,user724@gmail.com,555-286-6625,10/16/1989,Female"
"725,FirstName725,LastName725,user725@gmail.com,555-140-0083,10/16/1989,Female"
"728,FirstName728,LastName728,user728@gmail.com,555-177-7185,10/16/1978,Female"
"729,FirstName729,LastName729,user729@gmail.com,555-410-5010,10/16/1962,Female"
"730,FirstName730,LastName730,user730@gmail.com,555-264-3500,10/16/1981,Male"
"731,FirstName731,LastName731,user731@gmail.com,555-196-3483,10/16/1967,Female"
"733,FirstName733,LastName733,user733@gmail.com,555-309-9130,10/16/1990,Male"
"734,FirstName734,LastName734,user734@gmail.com,555-840-8647,10/16/1968,Female"
"738,FirstName738,LastName738,user738@gmail.com,555-840-8717,10/16/1981,Male"
"739,FirstName739,LastName739,user739@gmail.com,555-195-0870,10/16/1973,Female"
"740,FirstName740,LastName740,user740@gmail.com,555-182-9514,10/16/1990,Male"
"741,FirstName741,LastName741,user741@gmail.com,555-192-2748,10/16/1997,Male"
"743,FirstName743,LastName743,user743@gmail.com,555-112-2351,10/16/1962,Male"
"747,FirstName747,LastName747,user747@gmail.com,555-446-4985,10/16/1985,Male"
"748,FirstName748,LastName748,user748@gmail.com,555-507-5812,10/16/1974,Female"
"749,FirstName749,LastName749,user749@gmail.com,555-744-1533,10/16/1975,Male"
"752,FirstName752,LastName752,user752@gmail.com,555-264-1342,10/16/1968,Male"
"754,FirstName754,LastName754,user754@gmail.com,555-253-6797,10/16/1998,Female"
"755,FirstName755,LastName755,user755@gmail.com,555-922-7285,10/16/1978,Female"
"756,FirstName756,LastName756,user756@gmail.com,555-370-1952,10/16/1982,Female"
"758,FirstName758,LastName758,user758@gmail.com,555-115-5995,10/16/1996,Male"
"764,FirstName764,LastName764,user764@gmail.com,555-385-0499,10/16/1966,Male"
"767,FirstName767,LastName767,user767@gmail.com,555-630-0552,10/16/1959,Male"
"770,FirstName770,LastName770,user770@gmail.com,555-486-1314,10/16/1978,Male"
"772,FirstName772,LastName772,user772@gmail.com,555-700-7183,10/16/1994,Female"
"773,FirstName773,LastName773,user773@gmail.com,555-382-8942,10/16/1986,Female"
"775,FirstName775,LastName775,user775@gmail.com,555-287-2535,10/16/1992,Female"
"776,FirstName776,LastName776,user776@gmail.com,555-566-4250,10/16/1997,Female"
"777,FirstName777,LastName777,user777@gmail.com,555-741-7154,10/16/2004,Male"
"779,FirstName779,LastName779,user779@gmail.com,555-435-2716,10/16/1995,Male"
"782,FirstName782,LastName782,user782@gmail.com,555-509-5572,10/16/1978,Male"
"784,FirstName784,LastName784,user784@gmail.com,555-926-5305,10/16/2005,Female"
"787,FirstName787,LastName787,user787@gmail.com,555-424-3468,10/16/2003,Female"
"788,FirstName788,LastName788,user788@gmail.com,555-238-8591,10/16/1983,Male"
"789,FirstName789,LastName789,user789@gmail.com,555-682-9726,10/16/1978,Female"
"790,FirstName790,LastName790,user790@gmail.com,555-506-0751,10/16/1975,Male"
"791,FirstName791,LastName791,user791@gmail.com,555-897-0154,10/16/1990,Female"
"792,FirstName792,LastName792,user792@gmail.com,555-892-5963,10/16/1990,Male"
"795,FirstName795,LastName795,user795@gmail.com,555-524-4446,10/16/1972,Male"
"796,FirstName796,LastName796,user796@gmail.com,555-637-6510,10/16/1969,Male"
"797,FirstName797,LastName797,user797@gmail.com,555-529-3633,10/16/2002,Male"
"799,FirstName799,LastName799,user799@gmail.com,555-235-1575,10/16/1969,Male"
"800,FirstName800,LastName800,user800@gmail.com,555-701-2784,10/16/1993,Female"
"805,FirstName805,LastName805,user805@gmail.com,555-978-5545,10/16/1983,Female"
"806,FirstName806,LastName806,user806@gmail.com,555-317-6241,10/16/1968,Female"
"807,FirstName807,LastName807,user807@gmail.com,555-230-9326,10/16/1966,Male"
"809,FirstName809,LastName809,user809@gmail.com,555-899-9324,10/16/1959,Male"
"810,FirstName810,LastName810,user810@gmail.com,555-344-9569,10/16/1977,Male"
"812,FirstName812,LastName812,user812@gmail.com,555-525-1900,10/16/1980,Male"
"813,FirstName813,LastName813,user813@gmail.com,555-720-5601,10/16/1994,Female"
"814,FirstName814,LastName814,user814@gmail.com,555-537-6139,10/16/2004,Male"
"817,FirstName817,LastName817,user817@gmail.com,555-651-8482,10/16/1994,Female"
"818,FirstName818,LastName818,user818@gmail.com,555-759-7100,10/16/1982,Male"
"820,FirstName820,LastName820,user820@gmail.com,555-250-7575,10/16/2005,Female"
"823,FirstName823,LastName823,user823@gmail.com,555-801-0657,10/16/1971,Male"
"824,FirstName824,LastName824,user824@gmail.com,555-657-1127,10/16/1961,Male"
"825,FirstName825,LastName825,user825@gmail.com,555-584-0529,10/16/1961,Male"
"826,FirstName826,LastName826,user826@gmail.com,555-608-1766,10/16/1967,Male"
"827,FirstName827,LastName827,user827@gmail.com,555-144-3393,10/16/1972,Male"
"831,FirstName831,LastName831,user831@gmail.com,555-722-9132,10/16/2000,Male"
"833,FirstName833,LastName833,user833@gmail.com,555-297-5399,10/16/1992,Male"
"835,FirstName835,LastName835,user835@gmail.com,555-662-7248,10/16/1986,Male"
"839,FirstName839,LastName839,user839@gmail.com,555-491-8830,10/16/2003,Male"
"841,FirstName841,LastName841,user841@gmail.com,555-532-1485,10/16/1977,Female"
"848,FirstName848,LastName848,user848@gmail.com,555-733-7546,10/16/1990,Female"
"849,FirstName849,LastName849,user849@gmail.com,555-747-7745,10/16/2006,Female"
"851,FirstName851,LastName851,user851@gmail.com,555-279-9012,10/16/2000,Female"
"854,FirstName854,LastName854,user854@gmail.com,555-859-9576,10/16/1967,Male"
"857,FirstName857,LastName857,user857@gmail.com,555-201-5996,10/16/2005,Female"
"859,FirstName859,LastName859,user859@gmail.com,555-489-2214,10/16/1973,Female"
"860,FirstName860,LastName860,user860@gmail.com,555-254-8402,10/16/1967,Male"
"863,FirstName863,LastName863,user863@gmail.com,555-505-9035,10/16/1986,Female"
"866,FirstName866,LastName866,user866@gmail.com,555-435-8702,10/16/1986,Female"
"867,FirstName867,LastName867,user867@gmail.com,555-337-5920,10/16/1986,Male"
"868,FirstName868,LastName868,user868@gmail.com,555-718-7174,10/16/1993,Female"
"869,FirstName869,LastName869,user869@gmail.com,555-619-4884,10/16/2006,Female"
"870,FirstName870,LastName870,user870@gmail.com,555-934-2010,10/16/1958,Female"
"871,FirstName871,LastName871,user871@gmail.com,555-459-7060,10/16/1997,Male"
"872,FirstName872,LastName872,user872@gmail.com,555-437-3677,10/16/1990,Male"
"873,FirstName873,LastName873,user873@gmail.com,555-104-3666,10/16/1971,Male"
"874,FirstName874,LastName874,user874@gmail.com,555-352-6863,10/16/1979,Female"
"876,FirstName876,LastName876,user876@gmail.com,555-998-7512,10/16/1964,Male"
"877,FirstName877,LastName877,user877@gmail.com,555-127-9054,10/16/1966,Male"
"879,FirstName879,LastName879,user879@gmail.com,555-896-8536,10/16/1978,Male"
"881,FirstName881,LastName881,user881@gmail.com,555-533-1960,10/16/1982,Female"
"883,FirstName883,LastName883,user883@gmail.com,555-369-1530,10/16/1972,Female"
"884,FirstName884,LastName884,user884@gmail.com,555-773-0760,10/16/2000,Female"
"886,FirstName886,LastName886,user886@gmail.com,555-376-5194,10/16/1976,Male"
"887,FirstName887,LastName887,user887@gmail.com,555-160-1031,10/16/1984,Female"
"888,FirstName888,LastName888,user888@gmail.com,555-751-2155,10/16/1997,Female"
"890,FirstName890,LastName890,user890@gmail.com,555-410-5656,10/16/1989,Male"
"891,FirstName891,LastName891,user891@gmail.com,555-960-8955,10/16/1972,Male"
"893,FirstName893,LastName893,user893@gmail.com,555-730-2798,10/16/1997,Female"
"894,FirstName894,LastName894,user894@gmail.com,555-984-3414,10/16/1959,Female"
"895,FirstName895,LastName895,user895@gmail.com,555-349-2123,10/16/1963,Female"
"896,FirstName896,LastName896,user896@gmail.com,555-122-6709,10/16/2005,Female"
"897,FirstName897,LastName897,user897@gmail.com,555-169-0311,10/16/1959,Male"
"905,FirstName905,LastName905,user905@gmail.com,555-260-6545,10/16/1963,Male"
"907,FirstName907,LastName907,user907@gmail.com,555-931-5004,10/16/1993,Male"
"908,FirstName908,LastName908,user908@gmail.com,555-731-6885,10/16/1968,Female"
"909,FirstName909,LastName909,user909@gmail.com,555-369-3977,10/16/1974,Female"
"911,FirstName911,LastName911,user911@gmail.com,555-254-0393,10/16/1980,Male"
"917,FirstName917,LastName917,user917@gmail.com,555-901-5744,10/16/1967,Female"
"918,FirstName918,LastName918,user918@gmail.com,555-380-1765,10/16/1964,Male"
"919,FirstName919,LastName919,user919@gmail.com,555-899-6109,10/16/1970,Male"
"922,FirstName922,LastName922,user922@gmail.com,555-189-1748,10/16/1960,Female"
"925,FirstName925,LastName925,user925@gmail.com,555-912-3376,10/16/1994,Male"
"927,FirstName927,LastName927,user927@gmail.com,555-143-0447,10/16/1974,Male"
"931,FirstName931,LastName931,user931@gmail.com,555-634-8576,10/16/1994,Male"
"932,FirstName932,LastName932,user932@gmail.com,555-316-1573,10/16/1958,Male"
"933,FirstName933,LastName933,user933@gmail.com,555-147-1929,10/16/2005,Male"
"934,FirstName934,LastName934,user934@gmail.com,555-778-9000,10/16/1977,Female"
"935,FirstName935,LastName935,user935@gmail.com,555-986-8124,10/16/1966,Male"
"936,FirstName936,LastName936,user936@gmail.com,555-937-4299,10/16/1982,Male"
"938,FirstName938,LastName938,user938@gmail.com,555-752-2036,10/16/1961,Female"
"940,FirstName940,LastName940,user940@gmail.com,555-845-2069,10/16/1968,Female"
"943,FirstName943,LastName943,user943@gmail.com,555-915-2592,10/16/2004,Female"
"944,FirstName944,LastName944,user944@gmail.com,555-664-2882,10/16/1974,Male"
"947,FirstName947,LastName947,user947@gmail.com,555-715-2281,10/16/1977,Female"
"950,FirstName950,LastName950,user950@gmail.com,555-688-7380,10/16/1959,Male"
"951,FirstName951,LastName951,user951@gmail.com,555-181-9446,10/16/1991,Female"
"956,FirstName956,LastName956,user956@gmail.com,555-385-3758,10/16/2006,Female"
"957,FirstName957,LastName957,user957@gmail.com,555-202-6701,10/16/1958,Male"
"959,FirstName959,LastName959,user959@gmail.com,555-334-8346,10/16/1995,Female"
"960,FirstName960,LastName960,user960@gmail.com,555-833-3041,10/16/1993,Female"
"963,FirstName963,LastName963,user963@gmail.com,555-919-8771,10/16/1966,Female"
"966,FirstName966,LastName966,user966@gmail.com,555-260-9197,10/16/1975,Male"
"969,FirstName969,LastName969,user969@gmail.com,555-296-6183,10/16/1984,Female"
"972,FirstName972,LastName972,user972@gmail.com,555-910-8778,10/16/1985,Male"
"975,FirstName975,LastName975,user975@gmail.com,555-678-4196,10/16/1983,Male"
"976,FirstName976,LastName976,user976@gmail.com,555-322-1216,10/16/1974,Female"
"977,FirstName977,LastName977,user977@gmail.com,555-815-0729,10/16/1998,Male"
"979,FirstName979,LastName979,user979@gmail.com,555-199-2484,10/16/2004,Male"
"981,FirstName981,LastName981,user981@gmail.com,555-245-1032,10/16/1959,Female"
"982,FirstName982,LastName982,user982@gmail.com,555-188-3531,10/16/1996,Male"
"983,FirstName983,LastName983,user983@gmail.com,555-663-2662,10/16/1976,Female"
"984,FirstName984,LastName984,user984@gmail.com,555-320-2985,10/16/1976,Female"
"986,FirstName986,LastName986,user986@gmail.com,555-435-1619,10/16/1961,Male"
"987,FirstName987,LastName987,user987@gmail.com,555-218-5279,10/16/2002,Female"
"991,FirstName991,LastName991,user991@gmail.com,555-835-8849,10/16/1984,Male"
"993,FirstName993,LastName993,user993@gmail.com,555-555-6709,10/16/1972,Female"
"1000,FirstName1000,LastName1000,user1000@gmail.com,555-980-3242,10/16/1989,Male"
