"ProductID,ProductName,Category,Price,StockQuantity"
"2,Product2,Category8,164.18,87"
"3,Product3,Category4,424.39,28"
"6,Product6,Category7,474.63,75"
"7,Product7,Category2,467.87,80"
"8,Product8,Category7,397.73,60"
"9,Product9,Category6,500.74,24"
"10,Product10,Category1,125.64,68"
"11,Product11,Category5,214.08,99"
"12,Product12,Category10,342.85,68"
"13,Product13,Category3,37.42,2"
"14,Product14,Category10,40.22,15"
"15,Product15,Category1,451.21,80"
"17,Product17,Category3,158.51,5"
"20,Product20,Category8,186.42,16"
"21,Product21,Category7,204.42,81"
"22,Product22,Category3,70.77,12"
"23,Product23,Category1,94.59,63"
"24,Product24,Category10,153.61,93"
"25,Product25,Category10,272.67,24"
"26,Product26,Category1,425.25,47"
"28,Product28,Category7,298.57,17"
"29,Product29,Category4,51.51,1"
"30,Product30,Category1,188.43,4"
"31,Product31,Category5,68.91,55"
"33,Product33,Category6,359.23,36"
"34,Product34,Category3,197.19,8"
"36,Product36,Category2,185.43,43"
"37,Product37,Category9,487.31,88"
"40,Product40,Category8,33.69,93"
"42,Product42,Category9,293.0,65"
"43,Product43,Category6,129.45,90"
"44,Product44,Category6,172.1,73"
"45,Product45,Category6,181.07,75"
"46,Product46,Category3,225.16,98"
"47,Product47,Category3,469.19,20"
"48,Product48,Category10,32.86,94"
"49,Product49,Category1,180.41,13"
"50,Product50,Category1,352.92,25"
"53,Product53,Category2,52.56,71"
"55,Product55,Category10,105.66,3"
"57,Product57,Category6,134.39,80"
"58,Product58,Category7,460.72,19"
"59,Product59,Category4,184.06,79"
"60,Product60,Category1,503.1,56"
"61,Product61,Category4,127.85,67"
"62,Product62,Category10,492.69,74"
"63,Product63,Category9,411.89,54"
"64,Product64,Category2,498.72,58"
"65,Product65,Category8,266.43,39"
"66,Product66,Category6,212.96,62"
"67,Product67,Category6,362.42,32"
"68,Product68,Category3,46.82,22"
"69,Product69,Category5,128.27,84"
"70,Product70,Category9,313.23,81"
"72,Product72,Category6,130.16,34"
"74,Product74,Category6,395.58,3"
"75,Product75,Category4,106.95,95"
"76,Product76,Category2,402.35,64"
"77,Product77,Category6,93.68,44"
"78,Product78,Category9,430.17,60"
"80,Product80,Category10,171.78,72"
"82,Product82,Category8,136.05,80"
"83,Product83,Category4,502.53,31"
"84,Product84,Category10,195.22,35"
"85,Product85,Category4,63.3,35"
"86,Product86,Category2,370.81,27"
"89,Product89,Category7,181.18,8"
"90,Product90,Category4,82.91,66"
"91,Product91,Category7,435.12,1"
"92,Product92,Category10,23.45,79"
"95,Product95,Category7,150.97,33"
"96,Product96,Category8,384.51,20"
"97,Product97,Category2,225.39,49"
"99,Product99,Category4,62.09,84"
"100,Product100,Category10,157.61,58"
"101,Product101,Category6,379.0,71"
"102,Product102,Category3,378.16,67"
"103,Product103,Category1,327.89,57"
"104,Product104,Category2,206.51,92"
"105,Product105,Category3,458.56,9"
"106,Product106,Category1,226.61,10"
"107,Product107,Category1,310.54,5"
"108,Product108,Category3,276.54,79"
"109,Product109,Category10,155.8,8"
"110,Product110,Category7,107.45,2"
"112,Product112,Category9,73.48,43"
"114,Product114,Category3,402.82,76"
"116,Product116,Category7,42.26,42"
"117,Product117,Category9,445.98,2"
"119,Product119,Category3,434.44,23"
"120,Product120,Category7,78.91,53"
"121,Product121,Category4,332.1,73"
"122,Product122,Category8,72.12,42"
"124,Product124,Category10,197.51,81"
"125,Product125,Category6,284.66,54"
"126,Product126,Category6,382.63,54"
"127,Product127,Category3,472.91,75"
"128,Product128,Category7,256.69,60"
"129,Product129,Category2,325.69,83"
"130,Product130,Category7,347.19,70"
"131,Product131,Category2,432.37,86"
"132,Product132,Category4,78.3,47"
"133,Product133,Category2,361.17,81"
"134,Product134,Category8,507.58,77"
"137,Product137,Category3,417.02,60"
"139,Product139,Category4,231.32,20"
"140,Product140,Category6,224.42,62"
"141,Product141,Category3,38.86,94"
"142,Product142,Category8,299.02,28"
"143,Product143,Category9,79.76,32"
"144,Product144,Category2,123.4,3"
"148,Product148,Category9,224.89,76"
"150,Product150,Category6,340.67,26"
"152,Product152,Category8,324.95,36"
"153,Product153,Category9,380.25,15"
"154,Product154,Category6,376.78,96"
"156,Product156,Category1,376.8,66"
"157,Product157,Category9,175.69,15"
"158,Product158,Category4,455.63,24"
"159,Product159,Category6,475.55,2"
"160,Product160,Category4,328.75,37"
"161,Product161,Category6,416.19,88"
"162,Product162,Category5,375.62,35"
"163,Product163,Category5,382.65,37"
"164,Product164,Category9,421.35,66"
"168,Product168,Category6,244.56,6"
"169,Product169,Category2,270.27,81"
"170,Product170,Category1,56.57,58"
"171,Product171,Category6,382.34,61"
"173,Product173,Category6,286.09,77"
"174,Product174,Category4,420.52,19"
"175,Product175,Category2,337.86,39"
"176,Product176,Category8,425.65,73"
"177,Product177,Category5,224.01,67"
"178,Product178,Category7,392.68,21"
"179,Product179,Category1,380.89,41"
"180,Product180,Category7,123.69,56"
"181,Product181,Category7,327.38,84"
"182,Product182,Category2,12.44,6"
"183,Product183,Category8,462.37,51"
"184,Product184,Category7,293.39,21"
"185,Product185,Category6,252.2,72"
"186,Product186,Category8,323.65,20"
"187,Product187,Category2,444.9,64"
"188,Product188,Category6,354.63,81"
"189,Product189,Category6,448.0,61"
"190,Product190,Category3,387.04,10"
"191,Product191,Category4,427.71,62"
"192,Product192,Category5,355.04,45"
"193,Product193,Category3,456.71,92"
"194,Product194,Category7,242.96,82"
"195,Product195,Category2,301.42,46"
"196,Product196,Category2,162.75,29"
"197,Product197,Category8,503.12,39"
"198,Product198,Category4,280.25,82"
"199,Product199,Category8,165.82,41"
"200,Product200,Category5,144.29,48"
"201,Product201,Category6,299.95,2"
"202,Product202,Category1,454.74,51"
"203,Product203,Category3,227.18,95"
"204,Product204,Category10,197.99,62"
"205,Product205,Category10,51.23,84"
"206,Product206,Category9,492.48,71"
"207,Product207,Category1,184.58,1"
"208,Product208,Category1,251.34,36"
"209,Product209,Category4,54.03,18"
"210,Product210,Category5,155.84,80"
"212,Product212,Category7,68.72,17"
"213,Product213,Category6,124.96,23"
"214,Product214,Category5,225.38,99"
"215,Product215,Category4,266.58,43"
"216,Product216,Category2,208.03,78"
"217,Product217,Category2,259.39,20"
"219,Product219,Category7,189.41,18"
"220,Product220,Category2,151.69,24"
"221,Product221,Category4,137.46,46"
"222,Product222,Category10,364.44,31"
"224,Product224,Category1,321.3,52"
"225,Product225,Category10,296.08,12"
"226,Product226,Category10,236.17,24"
"227,Product227,Category3,264.33,79"
"228,Product228,Category3,266.05,67"
"229,Product229,Category4,201.01,16"
"230,Product230,Category4,398.64,50"
"231,Product231,Category9,183.11,31"
"232,Product232,Category4,205.4,49"
"233,Product233,Category9,399.69,86"
"234,Product234,Category10,357.46,88"
"235,Product235,Category4,169.9,64"
"237,Product237,Category9,488.31,98"
"239,Product239,Category5,255.4,36"
"240,Product240,Category9,364.62,53"
"241,Product241,Category5,389.47,20"
"243,Product243,Category9,102.96,16"
"244,Product244,Category4,500.15,19"
"245,Product245,Category10,64.19,15"
"246,Product246,Category7,431.87,40"
"247,Product247,Category9,434.92,87"
"249,Product249,Category7,330.96,84"
"251,Product251,Category7,156.92,42"
"252,Product252,Category8,237.72,24"
"253,Product253,Category8,136.79,85"
"254,Product254,Category6,428.64,38"
"255,Product255,Category5,90.96,34"
"258,Product258,Category8,287.23,16"
"259,Product259,Category4,230.04,97"
"260,Product260,Category9,31.34,48"
"261,Product261,Category3,372.35,86"
"262,Product262,Category2,420.08,41"
"263,Product263,Category1,385.33,70"
"265,Product265,Category6,303.34,76"
"266,Product266,Category10,487.53,99"
"267,Product267,Category9,421.1,36"
"268,Product268,Category10,109.0,61"
"269,Product269,Category6,360.07,34"
"270,Product270,Category7,339.02,27"
"271,Product271,Category6,271.52,66"
"273,Product273,Category9,508.54,92"
"274,Product274,Category8,472.71,54"
"275,Product275,Category6,477.78,73"
"276,Product276,Category9,34.02,73"
"277,Product277,Category3,477.44,32"
"278,Product278,Category3,142.0,79"
"279,Product279,Category7,200.15,29"
"280,Product280,Category2,143.36,67"
"281,Product281,Category10,229.41,88"
"282,Product282,Category5,107.81,45"
"283,Product283,Category7,374.96,11"
"284,Product284,Category5,443.0,52"
"285,Product285,Category5,174.36,67"
"286,Product286,Category5,107.98,24"
"287,Product287,Category4,111.96,58"
"288,Product288,Category4,75.13,74"
"289,Product289,Category7,439.78,57"
"290,Product290,Category1,43.22,44"
"291,Product291,Category4,91.69,6"
"293,Product293,Category1,82.9,10"
"294,Product294,Category8,243.78,9"
"295,Product295,Category9,456.69,50"
"296,Product296,Category6,219.57,65"
"297,Product297,Category8,63.15,33"
"298,Product298,Category5,337.35,4"
"299,Product299,Category9,385.54,9"
"301,Product301,Category5,70.31,66"
"303,Product303,Category9,318.67,65"
"304,Product304,Category5,441.95,5"
"305,Product305,Category9,288.39,73"
"306,Product306,Category4,319.66,75"
"307,Product307,Category1,103.4,23"
"308,Product308,Category9,244.93,1"
"309,Product309,Category4,480.87,26"
"310,Product310,Category5,463.36,97"
"313,Product313,Category10,263.75,94"
"315,Product315,Category4,44.57,77"
"316,Product316,Category4,302.99,90"
"317,Product317,Category4,364.93,96"
"318,Product318,Category9,82.96,24"
"320,Product320,Category6,294.95,46"
"322,Product322,Category6,508.07,57"
"323,Product323,Category1,390.18,98"
"324,Product324,Category4,387.38,7"
"325,Product325,Category2,67.88,88"
"327,Product327,Category8,230.83,71"
"328,Product328,Category6,11.49,75"
"329,Product329,Category9,314.29,21"
"332,Product332,Category1,293.54,93"
"333,Product333,Category8,143.77,62"
"334,Product334,Category9,105.45,26"
"335,Product335,Category4,435.84,63"
"337,Product337,Category10,506.88,17"
"338,Product338,Category10,303.47,78"
"339,Product339,Category7,404.06,71"
"341,Product341,Category10,189.73,15"
"342,Product342,Category10,475.05,98"
"343,Product343,Category10,274.84,32"
"344,Product344,Category10,42.04,97"
"346,Product346,Category5,239.7,26"
"349,Product349,Category1,226.35,45"
"350,Product350,Category3,210.17,32"
"351,Product351,Category3,140.19,7"
"352,Product352,Category1,501.5,72"
"353,Product353,Category4,318.47,50"
"354,Product354,Category9,176.69,98"
"355,Product355,Category5,485.94,37"
"356,Product356,Category5,390.4,26"
"357,Product357,Category7,61.24,88"
"358,Product358,Category3,384.75,16"
"360,Product360,Category8,154.62,46"
"361,Product361,Category4,210.4,74"
"363,Product363,Category2,52.31,42"
"364,Product364,Category10,205.32,96"
"365,Product365,Category9,402.02,74"
"366,Product366,Category5,247.44,31"
"367,Product367,Category4,394.32,88"
"369,Product369,Category7,76.67,59"
"370,Product370,Category10,215.18,15"
"371,Product371,Category5,139.09,52"
"373,Product373,Category3,195.94,59"
"374,Product374,Category9,89.12,11"
"375,Product375,Category9,162.63,56"
"377,Product377,Category4,198.64,17"
"378,Product378,Category1,280.04,80"
"379,Product379,Category3,157.47,97"
"380,Product380,Category8,103.69,71"
"381,Product381,Category2,177.74,73"
"382,Product382,Category1,12.32,30"
"384,Product384,Category7,415.2,98"
"385,Product385,Category8,465.93,63"
"387,Product387,Category6,91.61,82"
"388,Product388,Category5,288.58,48"
"389,Product389,Category1,229.64,14"
"390,Product390,Category3,399.49,59"
"391,Product391,Category2,86.83,10"
"392,Product392,Category8,328.14,22"
"393,Product393,Category5,416.39,100"
"394,Product394,Category7,346.78,9"
"395,Product395,Category5,360.06,3"
"397,Product397,Category10,348.88,45"
"398,Product398,Category5,51.4,16"
"399,Product399,Category7,259.68,32"
"400,Product400,Category8,482.87,35"
"401,Product401,Category1,183.06,26"
"402,Product402,Category4,284.14,1"
"403,Product403,Category3,80.26,86"
"404,Product404,Category1,243.57,38"
"408,Product408,Category10,181.26,2"
"409,Product409,Category8,117.56,6"
"410,Product410,Category10,197.42,56"
"411,Product411,Category4,366.32,77"
"412,Product412,Category10,371.31,12"
"413,Product413,Category6,314.12,43"
"415,Product415,Category8,303.26,20"
"417,Product417,Category6,382.4,14"
"419,Product419,Category8,349.45,65"
"420,Product420,Category8,286.4,89"
"421,Product421,Category1,156.81,39"
"422,Product422,Category3,319.09,45"
"423,Product423,Category4,407.7,26"
"425,Product425,Category5,13.6,41"
"426,Product426,Category9,241.99,73"
"427,Product427,Category7,39.56,96"
"429,Product429,Category8,481.84,44"
"430,Product430,Category5,493.57,19"
"431,Product431,Category3,437.93,96"
"432,Product432,Category4,378.68,44"
"433,Product433,Category7,284.78,21"
"434,Product434,Category3,110.01,94"
"436,Product436,Category6,402.04,86"
"437,Product437,Category3,23.14,73"
"438,Product438,Category5,265.34,14"
"439,Product439,Category5,379.03,72"
"440,Product440,Category3,474.56,22"
"441,Product441,Category2,262.95,78"
"442,Product442,Category4,447.93,6"
"443,Product443,Category10,22.73,78"
"444,Product444,Category4,325.05,33"
"445,Product445,Category2,457.37,21"
"446,Product446,Category5,504.41,46"
"447,Product447,Category10,284.41,67"
"449,Product449,Category8,403.21,16"
"450,Product450,Category5,375.62,28"
"451,Product451,Category7,442.91,85"
"452,Product452,Category9,10.49,17"
"453,Product453,Category10,163.26,54"
"454,Product454,Category7,319.92,22"
"455,Product455,Category2,402.3,22"
"456,Product456,Category2,426.73,29"
"459,Product459,Category1,470.77,9"
"460,Product460,Category7,121.66,86"
"461,Product461,Category1,350.03,99"
"462,Product462,Category4,430.22,42"
"463,Product463,Category6,187.16,55"
"464,Product464,Category3,373.45,35"
"465,Product465,Category9,213.39,35"
"466,Product466,Category2,426.21,20"
"467,Product467,Category3,81.37,96"
"468,Product468,Category8,121.29,82"
"470,Product470,Category6,344.52,38"
"471,Product471,Category7,123.59,88"
"473,Product473,Category10,285.48,59"
"474,Product474,Category7,318.0,98"
"475,Product475,Category2,302.23,57"
"477,Product477,Category7,395.34,73"
"478,Product478,Category6,384.82,80"
"479,Product479,Category2,278.88,90"
"480,Product480,Category1,85.13,100"
"481,Product481,Category4,364.94,54"
"482,Product482,Category1,98.56,70"
"483,Product483,Category10,70.88,38"
"484,Product484,Category6,276.2,40"
"486,Product486,Category5,327.95,95"
"487,Product487,Category8,260.43,50"
"488,Product488,Category7,257.7,69"
"489,Product489,Category1,147.21,92"
"490,Product490,Category10,326.95,32"
"491,Product491,Category1,237.3,11"
"492,Product492,Category8,138.27,34"
"493,Product493,Category3,209.59,83"
"494,Product494,Category8,46.66,72"
"495,Product495,Category6,63.67,61"
"497,Product497,Category8,344.7,97"
"498,Product498,Category4,181.9,52"
"500,Product500,Category7,335.91,81"
"502,Product502,Category2,18.5,91"
"503,Product503,Category2,445.49,92"
"504,Product504,Category8,122.05,79"
"505,Product505,Category3,216.17,36"
"506,Product506,Category3,452.35,37"
"507,Product507,Category10,273.17,92"
"508,Product508,Category5,327.43,35"
"512,Product512,Category4,186.49,68"
"513,Product513,Category10,33.82,75"
"514,Product514,Category3,74.47,51"
"516,Product516,Category2,18.96,11"
"517,Product517,Category6,211.4,35"
"518,Product518,Category1,286.14,54"
"519,Product519,Category7,250.4,35"
"520,Product520,Category8,190.02,7"
"521,Product521,Category3,368.2,80"
"522,Product522,Category5,379.28,32"
"523,Product523,Category9,115.84,24"
"524,Product524,Category4,251.54,18"
"525,Product525,Category2,331.41,19"
"526,Product526,Category7,54.32,78"
"527,Product527,Category4,188.8,28"
"529,Product529,Category5,351.42,19"
"530,Product530,Category7,430.45,40"
"531,Product531,Category2,499.34,65"
"532,Product532,Category2,415.68,92"
"533,Product533,Category8,310.47,16"
"534,Product534,Category5,40.05,68"
"535,Product535,Category7,264.42,4"
"536,Product536,Category3,281.89,23"
"537,Product537,Category3,233.07,66"
"538,Product538,Category1,316.17,14"
"539,Product539,Category8,222.71,47"
"541,Product541,Category10,417.53,77"
"542,Product542,Category7,339.86,54"
"544,Product544,Category1,302.11,99"
"546,Product546,Category5,108.19,44"
"547,Product547,Category10,27.41,34"
"549,Product549,Category6,144.11,14"
"550,Product550,Category8,99.91,5"
"552,Product552,Category4,196.39,52"
"553,Product553,Category6,146.03,37"
"555,Product555,Category9,343.51,56"
"556,Product556,Category8,251.61,90"
"557,Product557,Category6,502.15,52"
"558,Product558,Category3,44.35,69"
"559,Product559,Category4,77.05,96"
"561,Product561,Category9,428.23,91"
"562,Product562,Category3,22.91,36"
"563,Product563,Category1,201.81,53"
"565,Product565,Category6,161.94,72"
"566,Product566,Category3,466.26,76"
"567,Product567,Category6,492.92,66"
"568,Product568,Category8,494.65,23"
"569,Product569,Category9,149.45,26"
"570,Product570,Category7,56.33,62"
"571,Product571,Category2,463.28,98"
"572,Product572,Category4,452.02,55"
"573,Product573,Category10,451.22,45"
"574,Product574,Category4,152.29,72"
"575,Product575,Category5,150.01,76"
"577,Product577,Category3,324.81,29"
"578,Product578,Category2,52.29,58"
"580,Product580,Category4,98.82,50"
"581,Product581,Category6,247.52,80"
"583,Product583,Category6,327.49,62"
"584,Product584,Category6,91.33,70"
"587,Product587,Category2,178.91,64"
"588,Product588,Category10,403.99,24"
"589,Product589,Category5,240.69,69"
"590,Product590,Category9,268.05,46"
"591,Product591,Category8,352.51,80"
"592,Product592,Category8,485.58,7"
"593,Product593,Category8,56.36,15"
"594,Product594,Category6,393.84,19"
"595,Product595,Category8,158.31,25"
"596,Product596,Category7,288.96,49"
"597,Product597,Category6,329.35,68"
"598,Product598,Category4,410.77,46"
"599,Product599,Category2,166.67,72"
"600,Product600,Category1,326.93,68"
"602,Product602,Category4,401.24,31"
"603,Product603,Category8,220.78,79"
"604,Product604,Category2,125.46,55"
"605,Product605,Category1,191.04,8"
"606,Product606,Category8,355.33,30"
"608,Product608,Category6,272.11,80"
"609,Product609,Category1,223.81,36"
"610,Product610,Category3,500.24,23"
"611,Product611,Category8,265.24,94"
"614,Product614,Category6,250.49,35"
"615,Product615,Category8,197.73,37"
"616,Product616,Category10,252.78,41"
"617,Product617,Category6,453.63,15"
"618,Product618,Category3,222.5,66"
"620,Product620,Category10,305.93,26"
"621,Product621,Category6,229.64,53"
"622,Product622,Category4,244.39,61"
"623,Product623,Category1,372.3,94"
"624,Product624,Category4,14.95,88"
"625,Product625,Category7,238.78,71"
"627,Product627,Category4,421.98,29"
"628,Product628,Category6,14.34,89"
"629,Product629,Category10,120.88,83"
"630,Product630,Category9,389.43,86"
"631,Product631,Category8,236.12,46"
"632,Product632,Category1,38.04,10"
"633,Product633,Category2,485.01,98"
"634,Product634,Category9,334.7,19"
"635,Product635,Category9,112.04,21"
"636,Product636,Category7,182.3,70"
"637,Product637,Category10,343.76,56"
"639,Product639,Category9,62.91,38"
"641,Product641,Category4,484.28,90"
"643,Product643,Category8,234.88,73"
"644,Product644,Category5,423.79,41"
"645,Product645,Category1,147.09,45"
"646,Product646,Category4,213.58,10"
"647,Product647,Category9,336.18,51"
"648,Product648,Category6,482.24,38"
"649,Product649,Category5,407.55,13"
"651,Product651,Category6,111.01,77"
"652,Product652,Category1,182.52,33"
"654,Product654,Category6,27.3,38"
"655,Product655,Category7,507.83,35"
"656,Product656,Category4,125.01,12"
"658,Product658,Category3,455.76,12"
"660,Product660,Category9,430.91,85"
"661,Product661,Category7,396.38,56"
"662,Product662,Category1,85.41,15"
"667,Product667,Category6,14.33,72"
"668,Product668,Category7,246.86,42"
"669,Product669,Category10,260.66,2"
"670,Product670,Category10,322.02,58"
"671,Product671,Category2,281.45,48"
"672,Product672,Category7,250.88,49"
"673,Product673,Category8,253.07,6"
"674,Product674,Category6,88.68,90"
"675,Product675,Category1,325.87,19"
"676,Product676,Category8,496.8,87"
"677,Product677,Category2,48.86,99"
"678,Product678,Category10,377.02,93"
"679,Product679,Category5,304.66,84"
"680,Product680,Category10,32.75,41"
"682,Product682,Category9,365.32,5"
"683,Product683,Category2,208.65,91"
"684,Product684,Category10,130.06,71"
"686,Product686,Category3,11.04,22"
"687,Product687,Category10,385.45,97"
"690,Product690,Category3,19.26,56"
"691,Product691,Category4,477.34,29"
"692,Product692,Category1,390.49,11"
"693,Product693,Category7,88.96,78"
"694,Product694,Category7,90.18,53"
"695,Product695,Category9,382.7,14"
"696,Product696,Category10,134.37,94"
"697,Product697,Category3,62.52,62"
"698,Product698,Category9,262.47,86"
"699,Product699,Category1,200.89,82"
"700,Product700,Category1,421.76,15"
"701,Product701,Category9,223.16,23"
"702,Product702,Category4,175.3,5"
"703,Product703,Category8,501.41,20"
"704,Product704,Category1,406.8,57"
"705,Product705,Category4,182.91,89"
"706,Product706,Category3,487.88,27"
"707,Product707,Category9,291.34,10"
"708,Product708,Category10,46.46,99"
"709,Product709,Category3,41.66,8"
"710,Product710,Category1,464.95,53"
"711,Product711,Category1,17.8,13"
"712,Product712,Category3,146.68,49"
"713,Product713,Category4,261.25,9"
"714,Product714,Category7,137.46,76"
"716,Product716,Category2,469.87,82"
"718,Product718,Category8,405.07,89"
"720,Product720,Category7,270.02,83"
"721,Product721,Category9,342.2,67"
"722,Product722,Category9,150.58,66"
"724,Product724,Category7,264.63,57"
"725,Product725,Category7,364.31,44"
"726,Product726,Category4,180.55,53"
"728,Product728,Category5,14.65,30"
"729,Product729,Category1,498.2,81"
"730,Product730,Category10,363.22,62"
"732,Product732,Category10,254.55,69"
"734,Product734,Category1,215.47,69"
"735,Product735,Category6,350.08,43"
"736,Product736,Category9,102.91,15"
"737,Product737,Category6,77.47,47"
"738,Product738,Category5,240.07,20"
"739,Product739,Category10,14.18,13"
"740,Product740,Category1,338.33,72"
"742,Product742,Category6,439.29,89"
"743,Product743,Category4,483.13,28"
"746,Product746,Category5,213.03,10"
"747,Product747,Category4,467.88,7"
"748,Product748,Category8,221.43,13"
"749,Product749,Category2,380.96,61"
"750,Product750,Category9,127.36,22"
"751,Product751,Category3,438.15,80"
"753,Product753,Category8,102.66,27"
"754,Product754,Category1,346.59,64"
"756,Product756,Category2,170.78,70"
"757,Product757,Category6,465.46,6"
"759,Product759,Category8,152.38,78"
"760,Product760,Category1,319.87,31"
"762,Product762,Category8,174.88,11"
"763,Product763,Category6,283.24,98"
"764,Product764,Category10,390.66,5"
"765,Product765,Category2,60.01,51"
"766,Product766,Category2,32.34,2"
"768,Product768,Category1,232.7,99"
"769,Product769,Category1,108.11,57"
"770,Product770,Category10,139.46,56"
"771,Product771,Category10,250.68,21"
"774,Product774,Category5,227.96,57"
"775,Product775,Category6,105.97,89"
"778,Product778,Category7,222.95,81"
"779,Product779,Category4,490.55,37"
"780,Product780,Category1,78.92,54"
"781,Product781,Category2,296.21,82"
"782,Product782,Category9,145.37,30"
"783,Product783,Category4,273.94,12"
"784,Product784,Category2,419.31,49"
"785,Product785,Category9,144.11,52"
"786,Product786,Category7,352.06,90"
"787,Product787,Category2,464.59,61"
"788,Product788,Category4,379.63,50"
"789,Product789,Category1,114.85,24"
"790,Product790,Category5,455.79,27"
"791,Product791,Category10,75.8,44"
"793,Product793,Category2,65.53,57"
"794,Product794,Category4,205.7,75"
"795,Product795,Category9,70.07,100"
"796,Product796,Category7,21.83,7"
"797,Product797,Category3,475.97,64"
"798,Product798,Category8,414.82,34"
"799,Product799,Category9,276.66,65"
"800,Product800,Category3,403.62,69"
"801,Product801,Category8,485.37,26"
"802,Product802,Category7,95.24,81"
"803,Product803,Category8,409.98,20"
"805,Product805,Category10,302.46,81"
"806,Product806,Category8,445.79,62"
"807,Product807,Category2,381.08,100"
"808,Product808,Category6,217.2,91"
"809,Product809,Category9,209.21,67"
"810,Product810,Category6,194.09,24"
"811,Product811,Category4,440.51,92"
"812,Product812,Category1,27.12,62"
"813,Product813,Category6,384.09,78"
"815,Product815,Category9,195.28,1"
"817,Product817,Category5,148.39,12"
"820,Product820,Category8,126.38,91"
"821,Product821,Category5,193.57,53"
"822,Product822,Category5,244.06,78"
"824,Product824,Category7,436.47,91"
"825,Product825,Category3,422.33,96"
"826,Product826,Category9,106.42,58"
"827,Product827,Category6,340.51,27"
"829,Product829,Category1,146.74,4"
"830,Product830,Category7,30.78,12"
"831,Product831,Category4,490.7,39"
"832,Product832,Category2,164.31,92"
"833,Product833,Category10,57.6,24"
"834,Product834,Category2,373.34,63"
"835,Product835,Category7,243.83,30"
"836,Product836,Category10,443.21,64"
"837,Product837,Category4,441.76,16"
"838,Product838,Category2,13.97,65"
"839,Product839,Category7,152.55,84"
"840,Product840,Category3,455.43,80"
"841,Product841,Category2,48.43,24"
"843,Product843,Category10,132.98,13"
"844,Product844,Category6,107.42,12"
"846,Product846,Category10,147.38,98"
"847,Product847,Category1,168.05,33"
"848,Product848,Category7,204.07,13"
"849,Product849,Category7,395.88,10"
"851,Product851,Category8,152.8,77"
"853,Product853,Category10,32.11,62"
"854,Product854,Category2,136.85,74"
"855,Product855,Category8,327.05,48"
"856,Product856,Category5,40.49,37"
"857,Product857,Category3,380.37,76"
"858,Product858,Category6,107.54,100"
"859,Product859,Category8,20.93,73"
"860,Product860,Category1,252.07,25"
"861,Product861,Category3,467.29,20"
"863,Product863,Category2,368.48,1"
"864,Product864,Category9,392.4,20"
"865,Product865,Category7,236.73,41"
"866,Product866,Category8,221.31,100"
"867,Product867,Category8,146.06,74"
"868,Product868,Category9,160.32,98"
"869,Product869,Category1,256.64,41"
"871,Product871,Category2,170.12,70"
"872,Product872,Category10,273.65,79"
"873,Product873,Category2,420.22,31"
"874,Product874,Category6,102.91,55"
"875,Product875,Category7,103.13,70"
"876,Product876,Category4,150.04,12"
"877,Product877,Category3,104.49,10"
"878,Product878,Category10,397.41,19"
"879,Product879,Category6,273.64,38"
"880,Product880,Category6,22.98,35"
"881,Product881,Category9,417.47,95"
"882,Product882,Category3,224.85,43"
"883,Product883,Category2,374.8,92"
"884,Product884,Category7,489.62,82"
"885,Product885,Category10,79.87,98"
"886,Product886,Category10,433.49,22"
"887,Product887,Category6,278.11,36"
"888,Product888,Category8,10.74,67"
"889,Product889,Category5,168.54,83"
"891,Product891,Category3,424.84,82"
"892,Product892,Category7,184.08,74"
"894,Product894,Category9,452.04,47"
"895,Product895,Category7,49.39,10"
"896,Product896,Category10,109.7,88"
"897,Product897,Category9,77.58,83"
"899,Product899,Category5,40.02,87"
"900,Product900,Category3,352.45,21"
"901,Product901,Category10,480.33,63"
"902,Product902,Category3,38.33,64"
"903,Product903,Category10,59.22,32"
"904,Product904,Category10,197.09,90"
"906,Product906,Category6,368.04,19"
"907,Product907,Category1,322.03,74"
"908,Product908,Category6,82.39,9"
"909,Product909,Category5,184.91,23"
"912,Product912,Category8,235.28,27"
"913,Product913,Category1,504.67,39"
"914,Product914,Category1,327.28,76"
"915,Product915,Category6,31.02,86"
"918,Product918,Category5,293.99,30"
"919,Product919,Category3,116.84,7"
"920,Product920,Category9,461.32,91"
"921,Product921,Category9,343.99,46"
"922,Product922,Category2,481.99,64"
"923,Product923,Category2,282.61,5"
"924,Product924,Category2,352.21,59"
"925,Product925,Category5,455.33,98"
"926,Product926,Category6,65.99,99"
"927,Product927,Category1,83.26,51"
"928,Product928,Category1,352.03,36"
"929,Product929,Category9,174.35,4"
"930,Product930,Category7,100.57,14"
"931,Product931,Category5,236.26,46"
"932,Product932,Category1,222.5,24"
"933,Product933,Category4,300.75,51"
"934,Product934,Category8,87.85,43"
"935,Product935,Category4,366.4,30"
"936,Product936,Category1,22.98,93"
"937,Product937,Category3,56.53,75"
"938,Product938,Category1,408.29,31"
"939,Product939,Category1,429.63,83"
"940,Product940,Category9,320.4,36"
"942,Product942,Category3,265.55,33"
"944,Product944,Category6,28.6,66"
"945,Product945,Category10,193.47,99"
"946,Product946,Category6,364.58,98"
"947,Product947,Category4,327.15,83"
"948,Product948,Category8,140.36,50"
"950,Product950,Category5,280.75,21"
"951,Product951,Category5,427.01,54"
"952,Product952,Category4,168.78,99"
"953,Product953,Category9,478.74,93"
"954,Product954,Category1,281.51,10"
"956,Product956,Category10,421.1,76"
"957,Product957,Category4,115.96,19"
"958,Product958,Category4,118.66,13"
"959,Product959,Category5,241.64,27"
"960,Product960,Category5,121.33,44"
"963,Product963,Category9,241.68,11"
"964,Product964,Category10,136.22,72"
"965,Product965,Category3,227.16,47"
"966,Product966,Category8,20.96,54"
"967,Product967,Category2,40.19,70"
"968,Product968,Category2,280.0,28"
"969,Product969,Category8,325.37,64"
"970,Product970,Category7,38.92,79"
"972,Product972,Category8,307.32,94"
"973,Product973,Category9,199.64,27"
"974,Product974,Category5,155.18,8"
"975,Product975,Category8,419.15,12"
"977,Product977,Category8,28.41,90"
"979,Product979,Category8,152.06,58"
"980,Product980,Category6,427.6,6"
"982,Product982,Category1,246.22,96"
"983,Product983,Category6,384.84,30"
"984,Product984,Category2,248.16,72"
"985,Product985,Category4,30.41,32"
"986,Product986,Category4,490.97,41"
"987,Product987,Category8,69.12,23"
"988,Product988,Category9,206.75,6"
"991,Product991,Category6,187.44,45"
"992,Product992,Category9,61.25,93"
"993,Product993,Category4,425.47,92"
"995,Product995,Category8,422.94,83"
"996,Product996,Category10,232.85,80"
"997,Product997,Category2,204.87,22"
"998,Product998,Category9,393.33,82"
