"TransactionID,CustomerID,TransactionDate,TotalAmount,PaymentMethod,Status"
"1,535,7/15/2024,557.01,PayPal,Refunded"
"2,351,4/24/2024,987.21,Credit Card,Refunded"
"3,787,9/26/2024,531.22,Debit Card,Refunded"
"4,465,3/17/2024,909.07,Debit Card,Refunded"
"5,8,10/13/2024,356.46,PayPal,Refunded"
"6,895,2/14/2024,1046.39,Credit Card,Refunded"
"7,803,2/6/2024,120.59,PayPal,Refunded"
"8,590,10/7/2024,228.61,Debit Card,Completed"
"9,26,12/5/2023,542.34,PayPal,Completed"
"11,574,5/24/2024,899.23,Credit Card,Refunded"
"12,207,4/30/2024,603.28,PayPal,Refunded"
"13,935,7/8/2024,182.75,PayPal,Refunded"
"14,384,1/27/2024,467.61,PayPal,Completed"
"15,148,1/13/2024,712.78,Credit Card,Refunded"
"16,520,3/8/2024,157.37,Credit Card,Pending"
"17,729,7/25/2024,753.17,PayPal,Refunded"
"19,710,10/15/2024,812.75,Credit Card,Refunded"
"20,93,9/23/2024,79.52,Credit Card,Refunded"
"21,495,8/20/2024,473.49,PayPal,Pending"
"23,855,1/16/2024,688.28,PayPal,Pending"
"25,573,9/13/2024,619.65,Debit Card,Completed"
"26,530,1/25/2024,667.56,Credit Card,Pending"
"27,63,1/4/2024,337.21,PayPal,Pending"
"29,213,4/12/2024,844.13,Credit Card,Pending"
"30,59,1/12/2024,504.26,PayPal,Refunded"
"31,610,6/30/2024,1041.38,PayPal,Refunded"
"32,399,3/20/2024,325.48,Credit Card,Refunded"
"33,12,2/20/2024,187.74,PayPal,Refunded"
"34,722,10/28/2023,343.62,Credit Card,Pending"
"35,749,4/25/2024,1032.52,PayPal,Refunded"
"36,820,10/8/2024,254.94,PayPal,Pending"
"37,843,5/8/2024,574.89,Credit Card,Refunded"
"38,603,12/19/2023,399.95,PayPal,Refunded"
"39,97,1/20/2024,249.21,Credit Card,Refunded"
"40,118,2/16/2024,226.32,Credit Card,Refunded"
"41,335,3/31/2024,848.18,PayPal,Pending"
"42,898,8/2/2024,720.56,PayPal,Pending"
"43,161,3/16/2024,120.43,PayPal,Refunded"
"44,558,6/2/2024,969.46,PayPal,Refunded"
"45,353,4/7/2024,81.72,PayPal,Completed"
"46,873,1/13/2024,340.1,Credit Card,Refunded"
"47,16,1/25/2024,795.58,PayPal,Pending"
"48,887,8/29/2024,68.38,Credit Card,Completed"
"50,654,10/21/2023,666.18,Credit Card,Completed"
"52,578,2/18/2024,695.27,PayPal,Completed"
"53,117,8/3/2024,567.62,PayPal,Completed"
"54,415,1/31/2024,298.36,PayPal,Completed"
"55,644,7/14/2024,809.81,PayPal,Refunded"
"56,989,11/28/2023,346.7,Debit Card,Completed"
"57,454,1/20/2024,74.05,Debit Card,Completed"
"58,764,9/6/2024,600.31,Credit Card,Refunded"
"59,929,5/16/2024,821.25,Credit Card,Completed"
"60,142,3/28/2024,423.85,Debit Card,Refunded"
"61,991,12/14/2023,167.03,Debit Card,Refunded"
"62,242,3/8/2024,724.2,PayPal,Completed"
"63,310,3/20/2024,235.42,PayPal,Completed"
"64,848,11/2/2023,588.85,PayPal,Completed"
"65,650,3/24/2024,195.19,Credit Card,Completed"
"66,18,12/19/2023,475.67,Credit Card,Refunded"
"67,767,4/26/2024,506.92,PayPal,Completed"
"68,242,7/28/2024,155.66,Debit Card,Completed"
"69,986,11/18/2023,227.78,PayPal,Completed"
"70,502,3/28/2024,311.56,Credit Card,Refunded"
"71,811,6/22/2024,752.39,Credit Card,Pending"
"72,342,1/16/2024,971.48,Credit Card,Completed"
"73,712,8/6/2024,564.44,PayPal,Completed"
"74,77,6/9/2024,991.13,Credit Card,Refunded"
"75,347,6/10/2024,663.17,PayPal,Refunded"
"76,165,2/9/2024,346.69,Credit Card,Pending"
"77,782,4/16/2024,832.57,PayPal,Pending"
"78,146,9/28/2024,644.79,Credit Card,Pending"
"79,797,4/13/2024,598.15,Credit Card,Completed"
"81,126,9/21/2024,206.82,PayPal,Refunded"
"82,470,5/18/2024,959.06,PayPal,Completed"
"83,451,12/20/2023,1036.27,Credit Card,Refunded"
"84,319,10/6/2024,659.42,Debit Card,Refunded"
"85,959,6/15/2024,529.24,Credit Card,Pending"
"86,444,5/10/2024,731.87,PayPal,Refunded"
"87,53,4/23/2024,210.63,Credit Card,Pending"
"88,797,2/6/2024,600.74,PayPal,Completed"
"89,224,8/21/2024,307.58,Credit Card,Refunded"
"90,986,3/18/2024,1044.11,PayPal,Completed"
"91,968,6/21/2024,976.48,PayPal,Completed"
"93,236,3/4/2024,837.45,Credit Card,Refunded"
"94,773,4/19/2024,574.76,PayPal,Completed"
"96,557,11/22/2023,663.97,Credit Card,Completed"
"97,729,11/6/2023,209.89,Debit Card,Completed"
"98,843,5/28/2024,753.24,PayPal,Refunded"
"99,245,6/14/2024,93.94,Credit Card,Completed"
"100,610,12/30/2023,851.45,Credit Card,Completed"
"101,240,5/24/2024,445.71,PayPal,Completed"
"102,163,1/23/2024,119.95,Credit Card,Completed"
"103,463,12/11/2023,539.26,Debit Card,Pending"
"104,755,12/29/2023,825.73,PayPal,Pending"
"105,715,8/18/2024,943.28,PayPal,Refunded"
"106,200,1/6/2024,77.79,Credit Card,Pending"
"107,918,1/27/2024,77.82,PayPal,Refunded"
"108,893,1/27/2024,620.74,PayPal,Completed"
"109,502,11/6/2023,891.84,Debit Card,Completed"
"110,89,6/1/2024,681.93,Debit Card,Pending"
"112,500,4/30/2024,218.93,PayPal,Completed"
"113,612,3/7/2024,822.36,Credit Card,Pending"
"114,541,11/24/2023,175.96,PayPal,Refunded"
"116,708,11/14/2023,484.7,Debit Card,Pending"
"117,545,10/1/2024,343.09,PayPal,Refunded"
"118,612,1/8/2024,454.08,Credit Card,Completed"
"119,429,9/1/2024,567.49,Debit Card,Pending"
"120,876,8/23/2024,826.51,Debit Card,Refunded"
"121,145,4/29/2024,434.42,Debit Card,Refunded"
"122,430,5/7/2024,446.43,Debit Card,Refunded"
"123,81,5/13/2024,914.74,Debit Card,Refunded"
"124,110,3/3/2024,633.56,PayPal,Completed"
"125,281,9/17/2024,1037.59,Credit Card,Refunded"
"126,507,10/6/2024,203.38,Debit Card,Refunded"
"127,547,3/11/2024,909.89,Credit Card,Refunded"
"128,235,11/23/2023,66.12,PayPal,Pending"
"129,985,11/30/2023,654.13,Credit Card,Completed"
"130,676,7/21/2024,833.99,Debit Card,Refunded"
"131,855,3/27/2024,773.37,Debit Card,Pending"
"132,73,12/10/2023,538.11,PayPal,Refunded"
"133,991,9/28/2024,129.38,PayPal,Pending"
"134,3,11/4/2023,51.63,Credit Card,Completed"
"135,937,7/19/2024,176.71,PayPal,Refunded"
"136,457,6/9/2024,890.45,Credit Card,Refunded"
"137,257,2/7/2024,255.0,PayPal,Refunded"
"138,759,5/24/2024,208.13,PayPal,Refunded"
"139,791,9/4/2024,822.69,Debit Card,Refunded"
"140,707,6/8/2024,802.96,Debit Card,Completed"
"141,891,12/20/2023,414.91,PayPal,Completed"
"143,222,9/24/2024,834.31,Debit Card,Refunded"
"144,284,8/3/2024,177.17,PayPal,Refunded"
"145,441,8/8/2024,264.27,PayPal,Refunded"
"146,224,5/17/2024,417.64,PayPal,Completed"
"147,673,7/11/2024,991.71,PayPal,Pending"
"148,340,12/29/2023,166.26,PayPal,Refunded"
"149,371,9/29/2024,426.65,Debit Card,Completed"
"151,254,10/1/2024,445.36,PayPal,Refunded"
"152,282,10/16/2024,869.88,Debit Card,Refunded"
"153,737,9/2/2024,206.51,Debit Card,Refunded"
"154,149,12/28/2023,814.81,PayPal,Completed"
"155,787,9/29/2024,452.97,PayPal,Refunded"
"156,238,8/28/2024,672.76,PayPal,Refunded"
"157,266,2/25/2024,648.04,Credit Card,Refunded"
"158,692,3/18/2024,712.23,Credit Card,Completed"
"159,869,1/3/2024,132.17,Credit Card,Refunded"
"160,71,6/27/2024,566.88,PayPal,Completed"
"161,275,4/1/2024,933.48,Debit Card,Completed"
"163,862,5/14/2024,196.16,Credit Card,Completed"
"164,2,7/27/2024,704.32,Credit Card,Completed"
"165,168,3/2/2024,92.3,Credit Card,Refunded"
"167,592,11/8/2023,802.04,Credit Card,Pending"
"168,561,8/30/2024,631.5,Debit Card,Pending"
"169,758,3/18/2024,980.26,Credit Card,Refunded"
"170,63,7/3/2024,949.41,Credit Card,Completed"
"171,549,3/27/2024,421.0,Debit Card,Completed"
"172,277,8/18/2024,468.93,Credit Card,Refunded"
"173,718,4/28/2024,213.83,Credit Card,Refunded"
"175,730,6/16/2024,580.46,Debit Card,Completed"
"176,31,7/19/2024,168.13,Credit Card,Refunded"
"177,261,5/29/2024,242.51,PayPal,Completed"
"178,303,11/15/2023,601.64,Credit Card,Refunded"
"179,933,6/9/2024,609.45,PayPal,Pending"
"180,254,10/30/2023,821.28,Credit Card,Completed"
"181,441,1/21/2024,996.99,PayPal,Pending"
"182,749,3/4/2024,320.52,Debit Card,Refunded"
"183,145,3/2/2024,699.83,Debit Card,Refunded"
"184,464,3/7/2024,304.5,PayPal,Refunded"
"185,957,5/16/2024,251.68,PayPal,Completed"
"186,979,4/18/2024,641.98,Debit Card,Refunded"
"187,270,7/23/2024,692.39,Debit Card,Refunded"
"189,997,11/13/2023,95.4,PayPal,Completed"
"190,838,3/20/2024,533.12,PayPal,Refunded"
"191,418,7/22/2024,890.84,PayPal,Refunded"
"192,600,10/7/2024,684.05,Credit Card,Completed"
"195,79,6/15/2024,136.82,PayPal,Refunded"
"197,625,12/28/2023,530.71,Credit Card,Completed"
"199,508,10/29/2023,230.66,PayPal,Completed"
"200,679,3/26/2024,1022.61,Debit Card,Pending"
"201,189,11/1/2023,669.84,Debit Card,Completed"
"202,894,4/17/2024,866.81,PayPal,Completed"
"204,84,8/11/2024,679.81,Credit Card,Refunded"
"206,818,7/9/2024,412.04,PayPal,Pending"
"207,809,7/6/2024,236.41,PayPal,Refunded"
"208,23,10/26/2023,1021.75,Credit Card,Completed"
"210,858,6/20/2024,579.93,Credit Card,Refunded"
"211,97,3/19/2024,697.91,PayPal,Refunded"
"212,202,4/2/2024,841.98,PayPal,Refunded"
"213,614,2/6/2024,835.8,Credit Card,Refunded"
"214,444,6/4/2024,994.5,PayPal,Refunded"
"215,751,12/31/2023,283.82,PayPal,Completed"
"216,247,1/19/2024,762.78,PayPal,Pending"
"217,350,7/31/2024,207.1,Credit Card,Refunded"
"218,813,3/17/2024,385.42,Credit Card,Refunded"
"219,975,11/13/2023,287.81,Credit Card,Pending"
"220,153,12/31/2023,629.33,Debit Card,Completed"
"221,485,2/28/2024,652.86,Credit Card,Refunded"
"222,658,3/15/2024,526.21,PayPal,Completed"
"223,262,8/7/2024,1047.01,Credit Card,Pending"
"224,575,7/6/2024,260.38,PayPal,Completed"
"225,60,10/7/2024,1022.53,Credit Card,Refunded"
"226,671,7/17/2024,830.17,Debit Card,Pending"
"227,431,4/9/2024,200.54,PayPal,Pending"
"228,712,6/4/2024,119.76,Credit Card,Pending"
"229,115,11/23/2023,201.05,Credit Card,Pending"
"230,315,8/13/2024,802.16,Credit Card,Completed"
"231,130,11/28/2023,97.26,Credit Card,Refunded"
"232,49,9/18/2024,58.97,Credit Card,Refunded"
"234,436,12/15/2023,913.01,PayPal,Completed"
"235,32,12/24/2023,565.42,PayPal,Pending"
"236,262,2/10/2024,226.52,PayPal,Refunded"
"237,347,6/5/2024,981.8,Debit Card,Refunded"
"238,477,4/3/2024,858.58,Credit Card,Completed"
"239,943,11/16/2023,718.9,PayPal,Completed"
"240,535,5/26/2024,1041.16,Credit Card,Completed"
"241,200,7/9/2024,766.28,Debit Card,Completed"
"242,561,11/30/2023,126.48,Debit Card,Completed"
"243,678,11/30/2023,954.16,Credit Card,Refunded"
"244,11,12/24/2023,817.2,Debit Card,Refunded"
"245,985,5/10/2024,1028.12,Credit Card,Refunded"
"246,118,7/1/2024,992.6,PayPal,Refunded"
"249,126,12/31/2023,883.31,Debit Card,Refunded"
"250,580,1/17/2024,428.59,Credit Card,Refunded"
"251,172,9/4/2024,966.37,Debit Card,Completed"
"252,905,7/31/2024,298.74,Debit Card,Refunded"
"254,156,2/29/2024,546.21,Debit Card,Pending"
"255,953,3/24/2024,626.76,PayPal,Refunded"
"256,897,4/13/2024,799.22,Credit Card,Refunded"
"257,623,1/23/2024,590.08,PayPal,Refunded"
"259,21,12/14/2023,631.67,Credit Card,Completed"
"260,902,2/15/2024,492.03,Credit Card,Refunded"
"261,454,1/9/2024,584.03,PayPal,Pending"
"262,673,4/2/2024,927.93,Debit Card,Pending"
"263,338,1/6/2024,808.43,Credit Card,Refunded"
"264,868,2/29/2024,577.12,Debit Card,Completed"
"265,371,6/26/2024,554.49,Credit Card,Pending"
"266,392,1/3/2024,409.74,Credit Card,Refunded"
"267,840,2/7/2024,368.74,Debit Card,Pending"
"268,287,11/10/2023,406.61,Credit Card,Pending"
"269,789,6/2/2024,156.92,Credit Card,Completed"
"270,724,5/4/2024,828.48,PayPal,Completed"
"271,693,7/11/2024,992.48,PayPal,Refunded"
"272,718,4/18/2024,601.32,Credit Card,Refunded"
"273,975,5/3/2024,355.73,PayPal,Completed"
"276,793,8/30/2024,290.27,PayPal,Completed"
"277,583,4/21/2024,973.5,PayPal,Refunded"
"278,175,1/10/2024,168.19,PayPal,Completed"
"279,771,11/15/2023,870.04,PayPal,Pending"
"280,415,5/26/2024,55.92,PayPal,Completed"
"281,946,9/22/2024,794.72,PayPal,Pending"
"282,828,1/28/2024,362.93,PayPal,Refunded"
"283,227,1/30/2024,493.82,Credit Card,Completed"
"284,927,11/4/2023,730.46,Debit Card,Pending"
"286,713,4/13/2024,402.44,Debit Card,Refunded"
"287,645,11/13/2023,682.8,Debit Card,Refunded"
"288,334,3/23/2024,713.4,Debit Card,Completed"
"289,46,6/22/2024,451.6,Debit Card,Refunded"
"290,299,4/12/2024,571.32,Debit Card,Completed"
"291,402,8/29/2024,615.84,Credit Card,Refunded"
"292,827,1/10/2024,439.46,Credit Card,Refunded"
"293,424,5/5/2024,1023.4,Credit Card,Refunded"
"294,898,4/3/2024,764.95,Credit Card,Refunded"
"295,937,6/2/2024,798.4,PayPal,Refunded"
"296,680,10/2/2024,192.11,PayPal,Pending"
"297,551,8/27/2024,969.03,Credit Card,Pending"
"298,546,3/17/2024,982.28,PayPal,Refunded"
"299,383,1/19/2024,326.28,Credit Card,Completed"
"300,514,7/24/2024,357.59,Credit Card,Completed"
"302,982,11/6/2023,223.96,Credit Card,Completed"
"304,418,2/22/2024,297.6,Credit Card,Completed"
"305,511,10/28/2023,783.66,Credit Card,Completed"
"306,358,2/11/2024,742.42,Credit Card,Refunded"
"307,980,3/15/2024,860.12,Credit Card,Completed"
"308,18,9/28/2024,600.11,Debit Card,Refunded"
"310,604,12/26/2023,596.94,Debit Card,Completed"
"311,31,9/26/2024,416.79,Credit Card,Pending"
"312,759,11/7/2023,1029.93,Credit Card,Pending"
"313,82,11/7/2023,513.67,PayPal,Completed"
"314,433,11/8/2023,623.79,PayPal,Completed"
"315,425,4/15/2024,179.16,Debit Card,Pending"
"316,496,5/7/2024,662.6,Debit Card,Pending"
"317,600,7/10/2024,741.39,Debit Card,Refunded"
"318,346,3/11/2024,519.49,PayPal,Refunded"
"319,401,3/24/2024,811.65,PayPal,Completed"
"321,146,7/4/2024,522.4,PayPal,Refunded"
"322,928,2/2/2024,664.56,Debit Card,Refunded"
"324,271,9/16/2024,382.23,PayPal,Pending"
"325,82,8/26/2024,818.26,Credit Card,Completed"
"326,334,8/25/2024,608.4,PayPal,Completed"
"327,384,7/25/2024,798.74,Credit Card,Refunded"
"329,876,7/30/2024,963.84,Debit Card,Refunded"
"330,165,3/5/2024,693.11,Credit Card,Refunded"
"331,537,4/20/2024,555.97,PayPal,Pending"
"332,772,2/2/2024,417.17,PayPal,Completed"
"333,646,9/16/2024,436.39,PayPal,Pending"
"334,368,8/7/2024,607.11,Credit Card,Pending"
"335,23,1/2/2024,679.33,Debit Card,Pending"
"336,151,8/27/2024,339.89,PayPal,Completed"
"337,229,11/1/2023,950.8,Debit Card,Refunded"
"338,645,8/24/2024,823.71,Debit Card,Pending"
"339,171,5/22/2024,709.44,Credit Card,Pending"
"340,169,4/8/2024,274.51,Credit Card,Refunded"
"341,679,1/3/2024,184.62,PayPal,Pending"
"343,806,11/24/2023,495.99,PayPal,Completed"
"345,626,7/12/2024,622.58,Credit Card,Refunded"
"347,880,5/16/2024,744.18,Debit Card,Refunded"
"348,886,4/17/2024,244.08,Debit Card,Completed"
"349,119,6/7/2024,163.48,Credit Card,Pending"
"350,222,2/9/2024,752.69,Debit Card,Pending"
"351,869,1/25/2024,734.26,PayPal,Pending"
"352,479,7/5/2024,407.18,Credit Card,Pending"
"354,459,8/12/2024,338.86,Debit Card,Completed"
"356,985,5/12/2024,909.84,Debit Card,Refunded"
"357,787,9/1/2024,350.99,PayPal,Refunded"
"358,30,8/29/2024,705.95,Credit Card,Refunded"
"359,792,4/20/2024,598.81,PayPal,Pending"
"360,941,10/29/2023,478.18,Credit Card,Refunded"
"361,906,3/22/2024,253.85,Credit Card,Refunded"
"362,356,6/7/2024,769.28,Credit Card,Refunded"
"363,294,2/7/2024,723.82,Credit Card,Refunded"
"364,291,2/6/2024,474.54,PayPal,Refunded"
"365,580,12/10/2023,239.83,Debit Card,Completed"
"366,100,12/3/2023,1006.99,Credit Card,Pending"
"367,868,1/6/2024,93.1,Credit Card,Refunded"
"368,624,7/10/2024,746.32,PayPal,Refunded"
"370,40,12/2/2023,482.69,Credit Card,Pending"
"371,832,11/22/2023,996.17,Debit Card,Pending"
"372,500,8/13/2024,282.16,PayPal,Refunded"
"373,930,5/23/2024,277.19,Credit Card,Pending"
"374,141,7/1/2024,360.95,Debit Card,Completed"
"375,170,4/3/2024,129.67,PayPal,Refunded"
"376,902,4/25/2024,603.64,PayPal,Refunded"
"377,395,3/6/2024,523.94,Credit Card,Pending"
"378,274,9/29/2024,59.85,Credit Card,Refunded"
"379,981,7/15/2024,870.87,Credit Card,Refunded"
"381,945,5/26/2024,423.77,Debit Card,Pending"
"383,895,8/15/2024,674.67,PayPal,Pending"
"384,547,9/10/2024,165.85,Credit Card,Refunded"
"386,205,4/22/2024,555.17,PayPal,Refunded"
"387,400,11/1/2023,632.17,PayPal,Refunded"
"388,804,5/30/2024,299.42,Credit Card,Completed"
"389,183,7/14/2024,903.42,Credit Card,Refunded"
"390,528,3/2/2024,551.09,PayPal,Completed"
"391,767,5/10/2024,1038.43,PayPal,Refunded"
"392,556,7/1/2024,334.41,Debit Card,Refunded"
"393,244,7/15/2024,289.17,Debit Card,Completed"
"394,486,9/24/2024,663.23,PayPal,Refunded"
"395,113,2/10/2024,811.44,PayPal,Refunded"
"396,80,12/19/2023,301.74,Credit Card,Pending"
"397,947,3/23/2024,314.15,Credit Card,Pending"
"398,272,12/4/2023,691.02,Credit Card,Refunded"
"399,172,11/10/2023,474.47,PayPal,Refunded"
"400,741,8/21/2024,486.39,PayPal,Refunded"
"401,360,11/10/2023,788.65,PayPal,Completed"
"402,934,5/20/2024,89.24,PayPal,Pending"
"403,660,5/30/2024,261.17,Debit Card,Refunded"
"404,911,8/29/2024,483.3,Credit Card,Completed"
"405,81,10/18/2023,970.27,Credit Card,Completed"
"406,523,9/22/2024,699.89,PayPal,Pending"
"407,574,10/27/2023,911.72,Credit Card,Pending"
"408,546,5/5/2024,987.03,Credit Card,Completed"
"410,636,6/18/2024,718.4,Credit Card,Completed"
"411,91,6/22/2024,726.65,Debit Card,Completed"
"412,837,7/20/2024,630.71,Credit Card,Refunded"
"413,776,8/7/2024,268.94,Credit Card,Pending"
"414,558,10/30/2023,899.29,PayPal,Pending"
"415,430,7/11/2024,140.27,PayPal,Pending"
"416,161,9/26/2024,945.62,PayPal,Refunded"
"417,273,2/3/2024,110.99,Credit Card,Pending"
"418,243,6/9/2024,506.18,PayPal,Refunded"
"419,405,4/4/2024,823.74,Credit Card,Completed"
"420,212,9/4/2024,431.13,PayPal,Pending"
"421,743,11/15/2023,764.33,PayPal,Pending"
"422,926,3/3/2024,236.53,Credit Card,Completed"
"423,84,9/2/2024,769.57,PayPal,Completed"
"424,864,5/1/2024,533.93,PayPal,Refunded"
"425,488,6/27/2024,435.21,Debit Card,Refunded"
"426,585,3/15/2024,736.87,Credit Card,Refunded"
"429,7,10/16/2024,467.65,Credit Card,Refunded"
"430,852,6/20/2024,528.34,Credit Card,Pending"
"431,72,7/4/2024,861.86,Credit Card,Pending"
"432,426,8/24/2024,432.33,Credit Card,Completed"
"433,809,12/17/2023,245.34,Credit Card,Completed"
"434,210,11/22/2023,538.4,Debit Card,Refunded"
"435,523,7/21/2024,821.17,Credit Card,Completed"
"436,293,5/17/2024,811.03,PayPal,Refunded"
"437,97,4/15/2024,989.56,PayPal,Refunded"
"438,865,8/20/2024,499.24,Debit Card,Refunded"
"439,872,3/4/2024,221.27,Debit Card,Pending"
"440,498,4/18/2024,475.8,Debit Card,Refunded"
"441,117,4/16/2024,279.38,Credit Card,Pending"
"442,817,4/23/2024,982.3,Credit Card,Refunded"
"443,250,11/6/2023,786.74,PayPal,Completed"
"444,237,8/15/2024,556.51,PayPal,Refunded"
"445,925,1/10/2024,179.18,PayPal,Refunded"
"446,623,9/5/2024,191.5,Debit Card,Completed"
"447,76,6/27/2024,306.24,PayPal,Completed"
"449,715,11/8/2023,656.66,PayPal,Pending"
"451,357,12/17/2023,253.48,Credit Card,Pending"
"453,609,9/29/2024,687.95,Credit Card,Completed"
"454,217,5/7/2024,558.61,Credit Card,Completed"
"455,621,6/12/2024,142.98,PayPal,Completed"
"456,254,10/28/2023,326.08,Credit Card,Completed"
"457,505,11/17/2023,582.55,Credit Card,Pending"
"458,102,2/29/2024,309.89,PayPal,Refunded"
"459,374,1/28/2024,179.21,PayPal,Pending"
"460,250,4/11/2024,105.14,PayPal,Pending"
"461,29,4/9/2024,625.0,PayPal,Pending"
"462,869,2/4/2024,419.49,Credit Card,Refunded"
"463,644,2/3/2024,381.5,Debit Card,Completed"
"464,728,9/5/2024,1024.88,Credit Card,Refunded"
"466,547,7/17/2024,914.52,Debit Card,Pending"
"467,495,5/16/2024,668.66,Credit Card,Pending"
"468,449,12/5/2023,732.49,Credit Card,Completed"
"469,86,8/28/2024,714.75,PayPal,Pending"
"470,865,1/18/2024,268.82,Credit Card,Pending"
"471,828,6/16/2024,487.02,PayPal,Pending"
"472,781,5/27/2024,551.18,Credit Card,Refunded"
"473,397,8/9/2024,775.07,PayPal,Refunded"
"474,245,10/18/2023,744.01,PayPal,Refunded"
"475,907,9/12/2024,1041.41,Debit Card,Refunded"
"476,487,8/11/2024,458.49,Credit Card,Refunded"
"477,880,6/3/2024,889.06,Credit Card,Refunded"
"478,706,6/10/2024,550.05,PayPal,Refunded"
"479,531,9/2/2024,891.55,PayPal,Completed"
"480,451,8/21/2024,798.46,Debit Card,Refunded"
"481,195,4/29/2024,832.62,Debit Card,Refunded"
"482,459,8/8/2024,321.99,Credit Card,Refunded"
"484,205,9/6/2024,627.83,PayPal,Pending"
"486,654,4/16/2024,284.38,Credit Card,Refunded"
"487,206,6/2/2024,138.9,PayPal,Refunded"
"488,209,8/24/2024,715.56,PayPal,Refunded"
"489,28,3/25/2024,259.09,Credit Card,Completed"
"491,605,11/20/2023,707.41,Credit Card,Pending"
"492,9,12/28/2023,346.96,Credit Card,Pending"
"494,364,2/11/2024,588.34,PayPal,Completed"
"496,647,4/21/2024,598.12,Credit Card,Pending"
"498,615,10/22/2023,953.72,PayPal,Refunded"
"499,548,3/7/2024,1001.93,Debit Card,Completed"
"500,510,12/27/2023,255.34,Credit Card,Pending"
"501,719,12/27/2023,654.83,PayPal,Refunded"
"502,161,1/7/2024,658.3,Credit Card,Completed"
"503,458,3/15/2024,225.52,PayPal,Refunded"
"504,239,3/15/2024,248.58,PayPal,Refunded"
"505,590,9/4/2024,150.73,PayPal,Refunded"
"507,1,12/1/2023,156.64,PayPal,Pending"
"508,827,4/7/2024,524.93,PayPal,Pending"
"509,937,11/1/2023,213.37,PayPal,Refunded"
"510,965,5/11/2024,302.36,PayPal,Refunded"
"511,889,11/17/2023,633.35,Credit Card,Completed"
"512,807,8/25/2024,881.59,Debit Card,Pending"
"513,483,3/3/2024,488.78,PayPal,Completed"
"514,53,7/10/2024,190.72,Credit Card,Refunded"
"517,82,7/30/2024,246.07,Credit Card,Refunded"
"518,367,3/8/2024,663.81,Debit Card,Refunded"
"519,491,8/2/2024,596.36,Credit Card,Pending"
"520,826,1/21/2024,83.08,Credit Card,Completed"
"521,697,6/23/2024,954.36,PayPal,Pending"
"522,419,3/9/2024,746.25,Debit Card,Pending"
"523,588,5/28/2024,101.0,PayPal,Completed"
"524,221,11/25/2023,450.07,PayPal,Completed"
"526,426,12/13/2023,398.87,Debit Card,Pending"
"529,741,9/5/2024,819.0,Credit Card,Completed"
"530,862,9/10/2024,1013.89,PayPal,Refunded"
"532,858,11/2/2023,567.7,Credit Card,Pending"
"533,822,11/12/2023,631.96,Credit Card,Refunded"
"534,344,4/23/2024,89.58,PayPal,Completed"
"535,604,3/4/2024,617.18,PayPal,Completed"
"536,202,9/19/2024,215.22,Credit Card,Refunded"
"537,647,4/6/2024,638.97,Credit Card,Refunded"
"538,490,8/26/2024,226.64,Credit Card,Completed"
"539,915,8/23/2024,528.35,PayPal,Pending"
"540,744,2/5/2024,323.09,Credit Card,Completed"
"541,64,5/27/2024,62.47,Credit Card,Completed"
"542,534,1/30/2024,698.33,Debit Card,Completed"
"543,390,5/5/2024,520.47,PayPal,Refunded"
"544,307,12/4/2023,978.74,Credit Card,Completed"
"545,25,8/21/2024,101.05,PayPal,Refunded"
"546,698,8/20/2024,185.12,PayPal,Completed"
"547,708,6/23/2024,366.32,PayPal,Pending"
"548,592,3/4/2024,499.41,Debit Card,Completed"
"549,63,3/16/2024,957.63,Debit Card,Refunded"
"550,225,11/12/2023,249.9,Debit Card,Completed"
"551,872,7/3/2024,722.7,PayPal,Pending"
"552,300,4/4/2024,527.38,Credit Card,Pending"
"553,844,7/28/2024,384.7,PayPal,Pending"
"554,555,11/16/2023,291.96,Debit Card,Completed"
"555,672,9/23/2024,334.14,Debit Card,Refunded"
"556,674,1/8/2024,499.59,PayPal,Refunded"
"557,827,4/27/2024,61.18,PayPal,Completed"
"558,186,7/2/2024,414.68,Credit Card,Completed"
"559,552,2/8/2024,629.48,PayPal,Refunded"
"560,867,3/24/2024,306.21,Credit Card,Completed"
"561,596,7/15/2024,492.57,Credit Card,Pending"
"562,186,7/2/2024,769.51,Credit Card,Refunded"
"563,644,6/23/2024,304.1,Credit Card,Refunded"
"564,608,8/17/2024,1040.32,PayPal,Refunded"
"565,359,5/27/2024,144.16,Credit Card,Refunded"
"566,745,10/6/2024,481.31,Credit Card,Refunded"
"567,549,12/6/2023,884.79,Credit Card,Completed"
"568,585,11/3/2023,1046.22,PayPal,Refunded"
"569,821,9/3/2024,252.66,Credit Card,Pending"
"570,45,11/11/2023,572.65,PayPal,Pending"
"571,412,5/29/2024,862.79,Debit Card,Completed"
"572,279,11/3/2023,986.38,Credit Card,Completed"
"573,283,1/19/2024,557.73,Credit Card,Completed"
"575,549,3/5/2024,422.03,PayPal,Completed"
"577,249,3/5/2024,211.27,PayPal,Refunded"
"578,482,7/17/2024,53.7,Debit Card,Completed"
"580,640,7/26/2024,655.57,PayPal,Completed"
"581,252,1/9/2024,410.83,PayPal,Refunded"
"582,773,10/12/2024,352.79,PayPal,Completed"
"583,175,7/22/2024,561.09,Debit Card,Refunded"
"584,17,12/19/2023,135.58,PayPal,Completed"
"585,256,11/24/2023,856.36,PayPal,Refunded"
"586,101,5/22/2024,264.36,PayPal,Completed"
"588,546,3/2/2024,789.2,PayPal,Refunded"
"590,653,6/4/2024,447.16,PayPal,Completed"
"592,295,3/28/2024,930.57,Debit Card,Completed"
"593,215,5/5/2024,685.97,Credit Card,Refunded"
"594,348,5/20/2024,777.32,Debit Card,Refunded"
"595,263,2/18/2024,898.66,PayPal,Refunded"
"597,147,11/11/2023,755.96,Credit Card,Pending"
"598,931,8/31/2024,150.36,PayPal,Pending"
"599,737,11/21/2023,918.17,Credit Card,Refunded"
"600,223,8/17/2024,203.28,PayPal,Refunded"
"601,334,7/12/2024,1025.54,PayPal,Refunded"
"602,362,2/25/2024,896.68,PayPal,Completed"
"604,720,4/23/2024,260.78,Debit Card,Refunded"
"605,65,6/3/2024,106.66,Credit Card,Refunded"
"606,614,7/5/2024,888.6,Debit Card,Pending"
"607,357,2/8/2024,410.81,PayPal,Refunded"
"608,587,11/29/2023,64.73,PayPal,Pending"
"609,85,2/28/2024,675.4,PayPal,Refunded"
"612,613,2/18/2024,684.4,Debit Card,Refunded"
"614,130,10/16/2024,356.86,PayPal,Completed"
"615,763,11/25/2023,135.58,PayPal,Completed"
"616,774,12/16/2023,875.58,Credit Card,Pending"
"617,333,10/18/2023,257.93,Debit Card,Refunded"
"618,475,8/13/2024,215.9,Credit Card,Pending"
"619,787,5/22/2024,489.41,PayPal,Pending"
"620,81,3/3/2024,153.23,PayPal,Completed"
"621,957,1/4/2024,151.08,Credit Card,Completed"
"622,475,1/5/2024,295.15,Credit Card,Completed"
"623,786,6/14/2024,569.62,PayPal,Pending"
"624,75,1/13/2024,406.5,Credit Card,Refunded"
"625,967,2/23/2024,127.01,Credit Card,Refunded"
"626,950,7/31/2024,322.13,Credit Card,Refunded"
"627,476,8/27/2024,629.27,PayPal,Pending"
"628,415,5/30/2024,872.84,PayPal,Refunded"
"629,177,11/30/2023,364.28,Credit Card,Refunded"
"630,181,12/21/2023,310.02,PayPal,Pending"
"633,998,3/7/2024,584.57,Credit Card,Refunded"
"634,605,12/13/2023,230.4,PayPal,Pending"
"635,942,3/22/2024,851.55,Debit Card,Pending"
"636,636,7/21/2024,688.95,PayPal,Pending"
"637,628,2/4/2024,900.8,Credit Card,Pending"
"638,652,8/18/2024,699.82,Debit Card,Refunded"
"639,565,5/17/2024,545.0,Credit Card,Completed"
"640,804,3/18/2024,310.36,Credit Card,Refunded"
"641,295,1/13/2024,507.42,Debit Card,Refunded"
"642,820,2/26/2024,856.22,Debit Card,Completed"
"643,996,4/11/2024,922.73,Debit Card,Refunded"
"644,89,12/21/2023,90.16,Debit Card,Refunded"
"645,954,7/23/2024,159.94,Credit Card,Pending"
"647,947,8/6/2024,913.12,Credit Card,Completed"
"648,680,1/25/2024,248.25,PayPal,Pending"
"649,82,10/12/2024,984.11,Credit Card,Completed"
"650,916,7/19/2024,368.11,PayPal,Pending"
"651,89,1/3/2024,317.63,PayPal,Refunded"
"652,605,9/29/2024,424.97,PayPal,Refunded"
"653,27,4/11/2024,70.38,PayPal,Refunded"
"654,347,10/13/2024,608.61,PayPal,Refunded"
"655,79,12/14/2023,858.68,PayPal,Pending"
"656,898,9/9/2024,400.39,PayPal,Refunded"
"657,166,7/28/2024,500.05,PayPal,Refunded"
"658,422,1/3/2024,356.18,Credit Card,Pending"
"659,372,7/11/2024,727.18,Debit Card,Pending"
"660,439,6/14/2024,90.48,Credit Card,Refunded"
"662,867,3/26/2024,733.19,Debit Card,Pending"
"663,273,7/1/2024,1048.8,Debit Card,Refunded"
"664,536,12/11/2023,948.36,Credit Card,Completed"
"665,504,1/1/2024,845.67,Credit Card,Refunded"
"666,879,10/25/2023,788.26,PayPal,Refunded"
"667,836,6/11/2024,421.83,PayPal,Refunded"
"669,235,12/29/2023,286.78,Credit Card,Refunded"
"670,765,5/4/2024,164.01,Credit Card,Refunded"
"671,154,11/2/2023,337.27,Debit Card,Completed"
"673,165,10/9/2024,61.57,Debit Card,Pending"
"674,365,11/9/2023,63.63,Credit Card,Completed"
"676,566,2/29/2024,563.98,PayPal,Refunded"
"680,349,10/27/2023,1025.46,PayPal,Completed"
"681,49,11/2/2023,957.73,Debit Card,Refunded"
"682,683,2/23/2024,852.1,Debit Card,Pending"
"683,928,5/10/2024,599.02,Debit Card,Pending"
"684,614,9/15/2024,672.43,PayPal,Refunded"
"685,519,2/13/2024,633.21,PayPal,Completed"
"686,142,4/30/2024,176.57,Debit Card,Completed"
"687,645,5/12/2024,223.95,PayPal,Refunded"
"688,650,11/9/2023,491.15,Credit Card,Pending"
"689,398,1/6/2024,431.08,Credit Card,Refunded"
"690,559,11/5/2023,796.42,Credit Card,Completed"
"691,993,11/6/2023,188.07,PayPal,Refunded"
"692,983,3/28/2024,381.53,PayPal,Completed"
"694,595,4/16/2024,676.31,PayPal,Completed"
"696,882,8/22/2024,520.19,Credit Card,Refunded"
"697,504,8/13/2024,529.76,PayPal,Refunded"
"699,610,9/22/2024,148.97,Debit Card,Completed"
"700,953,8/23/2024,401.56,PayPal,Completed"
"701,654,7/10/2024,681.88,PayPal,Refunded"
"702,507,2/14/2024,523.41,Debit Card,Completed"
"703,616,12/9/2023,270.01,Credit Card,Refunded"
"704,326,4/8/2024,274.93,PayPal,Refunded"
"705,991,8/18/2024,344.35,Credit Card,Completed"
"706,440,11/21/2023,70.06,Debit Card,Refunded"
"707,91,9/9/2024,273.47,PayPal,Completed"
"708,703,3/9/2024,512.55,Credit Card,Refunded"
"709,922,10/31/2023,503.36,Debit Card,Completed"
"711,806,12/1/2023,1001.94,PayPal,Refunded"
"712,507,3/2/2024,672.87,PayPal,Pending"
"713,248,7/13/2024,746.32,Credit Card,Completed"
"714,941,9/11/2024,434.71,PayPal,Refunded"
"715,96,6/17/2024,583.18,Credit Card,Refunded"
"716,988,5/1/2024,543.04,PayPal,Pending"
"717,754,4/21/2024,353.18,PayPal,Completed"
"718,593,6/27/2024,978.23,Debit Card,Refunded"
"719,66,7/1/2024,590.5,Credit Card,Completed"
"720,852,9/5/2024,1019.18,PayPal,Completed"
"721,703,5/17/2024,457.14,Credit Card,Completed"
"722,631,9/9/2024,516.75,Debit Card,Pending"
"723,433,10/13/2024,573.2,PayPal,Pending"
"724,285,1/21/2024,896.87,Debit Card,Pending"
"725,484,7/25/2024,215.0,Debit Card,Pending"
"726,597,2/18/2024,865.9,Debit Card,Refunded"
"727,687,6/11/2024,595.03,Credit Card,Completed"
"728,765,8/21/2024,680.68,Credit Card,Pending"
"729,453,3/3/2024,871.28,Debit Card,Refunded"
"730,862,11/5/2023,283.54,PayPal,Refunded"
"732,73,3/17/2024,1031.53,PayPal,Refunded"
"733,999,12/11/2023,650.71,Credit Card,Refunded"
"734,677,2/8/2024,82.97,Credit Card,Refunded"
"735,994,4/29/2024,222.14,Credit Card,Refunded"
"736,868,4/27/2024,277.34,PayPal,Completed"
"737,119,6/16/2024,623.98,Debit Card,Refunded"
"738,526,11/13/2023,609.39,PayPal,Completed"
"739,156,11/5/2023,785.41,PayPal,Completed"
"740,652,11/15/2023,218.35,Credit Card,Completed"
"741,766,2/26/2024,924.26,Debit Card,Completed"
"742,76,4/8/2024,593.68,Credit Card,Refunded"
"743,729,3/28/2024,317.94,Credit Card,Completed"
"744,838,4/15/2024,905.25,PayPal,Completed"
"745,670,8/10/2024,306.69,PayPal,Refunded"
"746,408,2/21/2024,694.06,PayPal,Refunded"
"747,605,2/20/2024,796.5,Debit Card,Completed"
"748,277,4/23/2024,390.42,Credit Card,Refunded"
"749,921,5/29/2024,615.37,Credit Card,Completed"
"750,584,10/7/2024,686.82,PayPal,Pending"
"751,629,12/17/2023,860.89,Debit Card,Pending"
"752,829,11/20/2023,271.28,Debit Card,Completed"
"753,505,1/27/2024,393.14,Credit Card,Completed"
"754,338,5/15/2024,762.76,PayPal,Completed"
"755,757,1/10/2024,482.06,Debit Card,Refunded"
"756,632,6/30/2024,735.78,Credit Card,Completed"
"758,599,1/19/2024,438.01,PayPal,Pending"
"760,718,4/24/2024,788.76,PayPal,Refunded"
"761,813,1/24/2024,772.09,PayPal,Completed"
"762,655,9/6/2024,199.56,Credit Card,Refunded"
"763,364,7/21/2024,155.94,PayPal,Refunded"
"764,1,6/3/2024,937.67,Debit Card,Pending"
"765,999,4/20/2024,122.28,Credit Card,Refunded"
"766,517,7/4/2024,907.07,PayPal,Refunded"
"767,915,1/7/2024,623.02,PayPal,Pending"
"769,279,5/21/2024,956.37,Credit Card,Refunded"
"770,335,3/21/2024,72.68,Debit Card,Refunded"
"771,280,10/19/2023,973.41,PayPal,Pending"
"772,35,6/6/2024,959.88,Credit Card,Completed"
"773,701,5/16/2024,704.78,Credit Card,Completed"
"774,841,4/17/2024,116.69,PayPal,Completed"
"775,870,1/16/2024,676.09,PayPal,Pending"
"776,287,10/19/2023,99.45,PayPal,Completed"
"777,355,10/14/2024,615.96,Credit Card,Refunded"
"778,528,7/21/2024,531.55,PayPal,Completed"
"780,165,2/22/2024,303.19,PayPal,Refunded"
"781,730,4/21/2024,218.3,Debit Card,Refunded"
"782,530,7/23/2024,221.14,PayPal,Completed"
"783,331,8/25/2024,518.48,PayPal,Pending"
"784,879,8/1/2024,288.33,Debit Card,Refunded"
"785,546,3/31/2024,207.64,Debit Card,Completed"
"787,338,10/8/2024,204.16,Debit Card,Refunded"
"788,349,7/1/2024,277.7,PayPal,Pending"
"789,792,8/18/2024,692.35,PayPal,Pending"
"791,175,3/13/2024,506.33,PayPal,Refunded"
"793,519,3/10/2024,931.37,Credit Card,Refunded"
"794,887,12/30/2023,198.42,PayPal,Refunded"
"796,836,12/19/2023,384.45,Debit Card,Refunded"
"797,618,12/13/2023,404.33,PayPal,Completed"
"798,334,12/11/2023,285.17,Debit Card,Pending"
"799,454,4/28/2024,177.42,PayPal,Refunded"
"800,396,5/3/2024,715.95,Debit Card,Completed"
"801,158,7/15/2024,605.65,PayPal,Refunded"
"802,86,12/1/2023,819.77,Credit Card,Completed"
"803,820,10/8/2024,745.12,Credit Card,Refunded"
"804,636,2/3/2024,250.07,PayPal,Pending"
"805,183,9/26/2024,109.29,PayPal,Pending"
"806,194,3/3/2024,781.05,PayPal,Pending"
"807,99,11/24/2023,674.76,Credit Card,Pending"
"808,951,3/22/2024,795.34,PayPal,Refunded"
"809,657,9/6/2024,713.23,Credit Card,Refunded"
"810,101,8/3/2024,62.37,PayPal,Pending"
"811,433,3/7/2024,135.92,Credit Card,Completed"
"812,437,7/12/2024,993.33,Credit Card,Refunded"
"813,38,11/5/2023,501.65,PayPal,Refunded"
"814,491,6/11/2024,718.49,PayPal,Pending"
"815,201,4/26/2024,814.53,Debit Card,Completed"
"816,8,7/2/2024,579.53,Debit Card,Refunded"
"817,752,11/24/2023,819.79,Credit Card,Pending"
"818,14,10/21/2023,481.47,PayPal,Pending"
"819,40,12/5/2023,230.1,Debit Card,Refunded"
"822,423,3/6/2024,297.99,PayPal,Pending"
"823,754,5/17/2024,602.41,Credit Card,Refunded"
"824,468,4/23/2024,159.21,Debit Card,Completed"
"825,942,4/11/2024,862.27,Debit Card,Refunded"
"826,885,7/8/2024,434.5,PayPal,Refunded"
"827,780,9/5/2024,757.87,Debit Card,Pending"
"828,398,1/5/2024,286.87,PayPal,Pending"
"829,731,11/20/2023,643.29,PayPal,Refunded"
"830,796,6/10/2024,807.16,PayPal,Refunded"
"831,270,3/20/2024,786.69,PayPal,Refunded"
"833,515,9/2/2024,52.68,Debit Card,Pending"
"834,294,12/1/2023,447.93,Credit Card,Completed"
"835,531,2/29/2024,184.27,PayPal,Refunded"
"836,527,4/17/2024,982.58,Credit Card,Refunded"
"837,675,2/4/2024,55.6,PayPal,Refunded"
"838,622,10/7/2024,883.98,PayPal,Refunded"
"839,915,7/24/2024,883.82,Credit Card,Pending"
"840,32,10/1/2024,286.04,Debit Card,Completed"
"841,908,4/13/2024,700.82,PayPal,Pending"
"842,482,8/16/2024,504.64,PayPal,Refunded"
"843,958,9/19/2024,768.78,PayPal,Refunded"
"844,305,4/22/2024,249.21,Credit Card,Refunded"
"845,457,9/27/2024,57.36,Credit Card,Refunded"
"846,97,2/9/2024,823.65,PayPal,Pending"
"847,964,9/28/2024,102.92,PayPal,Refunded"
"848,844,5/14/2024,754.71,PayPal,Refunded"
"849,740,5/17/2024,521.84,Debit Card,Completed"
"850,957,7/15/2024,993.56,Credit Card,Pending"
"851,21,10/18/2023,90.42,Credit Card,Completed"
"852,350,1/10/2024,725.42,Debit Card,Pending"
"853,56,5/31/2024,995.39,Credit Card,Refunded"
"854,594,7/4/2024,122.05,Credit Card,Completed"
"855,910,3/11/2024,829.66,PayPal,Refunded"
"856,411,8/27/2024,875.95,PayPal,Completed"
"857,232,8/6/2024,125.42,Debit Card,Refunded"
"858,371,5/20/2024,870.88,PayPal,Refunded"
"859,691,6/19/2024,556.11,PayPal,Refunded"
"860,861,1/26/2024,531.47,Debit Card,Completed"
"861,260,1/14/2024,980.89,PayPal,Refunded"
"863,577,8/28/2024,800.0,PayPal,Refunded"
"864,363,1/4/2024,931.3,Debit Card,Refunded"
"865,241,8/14/2024,396.81,PayPal,Refunded"
"866,670,10/7/2024,674.09,PayPal,Pending"
"867,846,10/24/2023,399.13,Debit Card,Completed"
"869,774,10/29/2023,347.01,Credit Card,Completed"
"870,717,4/16/2024,804.87,Debit Card,Completed"
"872,300,10/11/2024,825.79,Debit Card,Pending"
"873,125,11/6/2023,253.46,PayPal,Pending"
"874,682,6/13/2024,768.07,Credit Card,Completed"
"875,161,9/9/2024,230.0,PayPal,Completed"
"876,938,4/2/2024,758.26,PayPal,Completed"
"877,843,9/2/2024,722.61,Credit Card,Completed"
"878,361,12/10/2023,850.2,PayPal,Pending"
"879,346,8/31/2024,183.2,Credit Card,Refunded"
"880,888,6/17/2024,105.86,PayPal,Completed"
"881,502,7/22/2024,350.67,Credit Card,Completed"
"882,930,11/1/2023,88.35,PayPal,Completed"
"884,416,1/20/2024,378.72,Credit Card,Pending"
"885,3,10/8/2024,563.63,Debit Card,Refunded"
"886,116,7/15/2024,382.83,Debit Card,Refunded"
"887,952,7/14/2024,262.91,PayPal,Completed"
"888,622,5/14/2024,880.38,Credit Card,Pending"
"889,219,1/10/2024,378.83,Credit Card,Refunded"
"891,956,6/23/2024,780.45,Debit Card,Refunded"
"893,778,11/25/2023,1018.62,PayPal,Refunded"
"894,830,10/11/2024,177.52,PayPal,Pending"
"895,557,11/21/2023,667.47,Credit Card,Completed"
"896,10,7/31/2024,638.35,Credit Card,Pending"
"897,258,8/11/2024,981.91,PayPal,Refunded"
"898,437,12/7/2023,1023.43,Debit Card,Completed"
"899,751,1/6/2024,70.1,PayPal,Pending"
"900,448,4/20/2024,884.35,Credit Card,Refunded"
"901,870,11/24/2023,273.88,PayPal,Completed"
"902,4,6/19/2024,1024.52,Credit Card,Pending"
"903,849,6/12/2024,495.2,Debit Card,Pending"
"904,441,6/26/2024,722.96,PayPal,Completed"
"905,248,5/7/2024,241.45,Debit Card,Refunded"
"906,448,2/3/2024,245.88,Credit Card,Completed"
"907,786,3/5/2024,398.77,Debit Card,Refunded"
"908,914,9/1/2024,571.35,Credit Card,Refunded"
"909,187,6/20/2024,448.48,PayPal,Pending"
"910,346,11/23/2023,975.45,PayPal,Completed"
"911,821,2/5/2024,133.37,Credit Card,Refunded"
"912,81,9/20/2024,572.99,PayPal,Completed"
"913,995,4/21/2024,627.09,Debit Card,Completed"
"914,61,5/14/2024,237.91,Debit Card,Completed"
"915,856,4/14/2024,767.91,Credit Card,Completed"
"916,481,11/10/2023,499.68,Credit Card,Completed"
"917,921,7/17/2024,334.7,PayPal,Refunded"
"918,487,3/4/2024,625.95,Debit Card,Completed"
"919,157,9/3/2024,547.03,PayPal,Completed"
"920,576,9/30/2024,566.72,Debit Card,Pending"
"921,564,7/5/2024,479.28,Credit Card,Refunded"
"922,865,5/16/2024,657.96,Credit Card,Refunded"
"923,203,6/26/2024,1009.82,Credit Card,Refunded"
"924,751,6/2/2024,617.79,Credit Card,Completed"
"925,361,2/23/2024,863.42,PayPal,Refunded"
"927,281,7/21/2024,943.84,PayPal,Pending"
"928,87,2/24/2024,165.74,PayPal,Refunded"
"929,415,8/2/2024,809.76,Credit Card,Completed"
"930,166,7/7/2024,791.88,PayPal,Completed"
"931,218,4/23/2024,470.43,Debit Card,Refunded"
"932,761,12/22/2023,242.16,PayPal,Refunded"
"933,850,9/27/2024,416.0,PayPal,Refunded"
"934,564,8/14/2024,657.95,Credit Card,Refunded"
"935,151,11/10/2023,691.42,Credit Card,Refunded"
"936,591,5/16/2024,561.04,Credit Card,Refunded"
"937,845,7/2/2024,778.73,PayPal,Completed"
"938,868,4/10/2024,254.49,PayPal,Refunded"
"940,378,1/17/2024,573.37,Credit Card,Completed"
"941,70,9/22/2024,824.2,PayPal,Refunded"
"942,284,5/6/2024,908.53,Credit Card,Pending"
"943,506,9/12/2024,85.56,Debit Card,Refunded"
"944,923,8/11/2024,815.93,Credit Card,Pending"
"945,418,12/10/2023,178.43,Debit Card,Refunded"
"946,672,4/20/2024,521.41,Credit Card,Completed"
"947,143,9/23/2024,469.31,Debit Card,Pending"
"948,372,6/23/2024,409.7,PayPal,Pending"
"949,315,7/14/2024,414.71,Credit Card,Completed"
"950,112,6/27/2024,440.21,PayPal,Refunded"
"951,726,2/6/2024,459.33,PayPal,Refunded"
"952,448,8/19/2024,341.01,PayPal,Completed"
"953,217,6/20/2024,188.93,Debit Card,Refunded"
"954,45,6/9/2024,683.55,Credit Card,Completed"
"957,427,4/14/2024,778.34,PayPal,Pending"
"958,280,1/29/2024,818.98,PayPal,Completed"
"959,719,7/14/2024,876.04,Credit Card,Pending"
"960,922,7/1/2024,378.72,Credit Card,Pending"
"961,361,11/18/2023,399.69,PayPal,Pending"
"962,789,8/21/2024,161.7,Debit Card,Refunded"
"963,800,10/20/2023,766.98,Credit Card,Refunded"
"964,965,12/23/2023,524.82,Debit Card,Refunded"
"965,782,9/30/2024,1005.92,PayPal,Completed"
"966,530,12/27/2023,875.12,PayPal,Refunded"
"967,404,8/13/2024,272.65,Credit Card,Refunded"
"969,52,7/14/2024,321.52,Debit Card,Refunded"
"970,89,8/27/2024,397.12,PayPal,Refunded"
"971,25,4/18/2024,167.32,Credit Card,Pending"
"972,232,11/14/2023,717.71,Credit Card,Refunded"
"973,437,11/9/2023,285.12,Credit Card,Pending"
"974,858,4/18/2024,840.45,PayPal,Refunded"
"975,281,8/11/2024,871.92,Credit Card,Refunded"
"976,669,12/6/2023,52.67,PayPal,Completed"
"977,986,2/17/2024,52.15,Credit Card,Refunded"
"978,212,2/15/2024,343.99,Credit Card,Completed"
"979,229,3/13/2024,759.05,PayPal,Pending"
"980,113,6/13/2024,868.75,Debit Card,Pending"
"981,288,8/13/2024,496.72,Credit Card,Refunded"
"982,544,11/25/2023,614.19,PayPal,Refunded"
"983,331,8/2/2024,409.79,Debit Card,Completed"
"984,258,1/11/2024,101.91,PayPal,Refunded"
"985,212,2/9/2024,628.45,PayPal,Refunded"
"987,679,11/11/2023,887.31,Credit Card,Refunded"
"988,415,10/7/2024,368.63,Debit Card,Completed"
"989,502,8/20/2024,783.14,PayPal,Pending"
"990,538,10/29/2023,847.84,PayPal,Refunded"
"992,521,11/15/2023,821.09,Credit Card,Completed"
"993,98,1/7/2024,50.85,Debit Card,Refunded"
"994,270,2/3/2024,769.81,Credit Card,Pending"
"995,146,1/20/2024,776.85,PayPal,Refunded"
"998,675,11/12/2023,794.65,PayPal,Pending"
"999,775,7/3/2024,869.57,PayPal,Refunded"
"1000,634,11/9/2023,635.88,Debit Card,Completed"
